id,variant,target,target_dir_gap,target_heat_all,formula,elements,cif,passes_rules,formula_key,valid,unique,novel,dHf,stable,sun,dft_dir_gap,dft_hit
oxide_T1_1,oxide,1,1.5,-0.1,CsTaO3,"{""A"": ""Cs"", ""B"": ""Ta"", ""X"": ""O""}",cifs/oxide_T1_1.cif,True,CsTaO3,True,True,False,-2.6707,True,False,3.5,False
oxide_T1_2,oxide,1,1.5,-0.1,LaScO3,"{""A"": ""La"", ""B"": ""Sc"", ""X"": ""O""}",cifs/oxide_T1_2.cif,True,LaScO3,True,True,False,-3.62919,True,False,6.4,False
oxide_T1_3,oxide,1,1.5,-0.1,LaFeO3,"{""A"": ""La"", ""B"": ""Fe"", ""X"": ""O""}",cifs/oxide_T1_3.cif,True,LaFeO3,True,True,False,-2.15515,True,False,0.0,False
oxide_T1_4,oxide,1,1.5,-0.1,BaSnO3,"{""A"": ""Ba"", ""B"": ""Sn"", ""X"": ""O""}",cifs/oxide_T1_4.cif,True,BaSnO3,True,True,False,-2.47642,True,False,2.5,False
oxide_T1_5,oxide,1,1.5,-0.1,KTaO3,"{""A"": ""K"", ""B"": ""Ta"", ""X"": ""O""}",cifs/oxide_T1_5.cif,True,KTaO3,True,True,False,-2.93,True,False,5.0,False
oxide_T1_6,oxide,1,1.5,-0.1,SrVO3,"{""A"": ""Sr"", ""B"": ""V"", ""X"": ""O""}",cifs/oxide_T1_6.cif,True,SrVO3,True,True,False,-2.41583,True,False,0.0,False
oxide_T2_1,oxide,2,2.5,-0.1,BaZrO3,"{""A"": ""Ba"", ""B"": ""Zr"", ""X"": ""O""}",cifs/oxide_T2_1.cif,True,BaZrO3,True,True,False,-3.51275,True,False,6.3,False
oxide_T2_2,oxide,2,2.5,-0.1,RbNbO3,"{""A"": ""Rb"", ""B"": ""Nb"", ""X"": ""O""}",cifs/oxide_T2_2.cif,True,RbNbO3,True,True,False,-2.63176,True,False,3.9,False
oxide_T2_3,oxide,2,2.5,-0.1,CaHfO3,"{""A"": ""Ca"", ""B"": ""Hf"", ""X"": ""O""}",cifs/oxide_T2_3.cif,True,CaHfO3,True,True,False,-3.52892,True,False,7.3,False
oxide_T2_4,oxide,2,2.5,-0.1,LaMnO3,"{""A"": ""La"", ""B"": ""Mn"", ""X"": ""O""}",cifs/oxide_T2_4.cif,True,LaMnO3,True,True,False,-2.46739,True,False,0.0,False
oxide_T2_5,oxide,2,2.5,-0.1,SrHfO3,"{""A"": ""Sr"", ""B"": ""Hf"", ""X"": ""O""}",cifs/oxide_T2_5.cif,True,SrHfO3,True,True,False,-3.64453,True,False,7.2,False
oxide_T2_6,oxide,2,2.5,-0.1,SrGeO3,"{""A"": ""Sr"", ""B"": ""Ge"", ""X"": ""O""}",cifs/oxide_T2_6.cif,True,SrGeO3,True,True,False,-2.48477,True,False,1.7,False
oxide_T3_1,oxide,3,3.5,-0.1,CaGeO3,"{""A"": ""Ca"", ""B"": ""Ge"", ""X"": ""O""}",cifs/oxide_T3_1.cif,True,CaGeO3,True,True,False,-2.45997,True,False,2.7,False
oxide_T3_2,oxide,3,3.5,-0.1,CsNbO3,"{""A"": ""Cs"", ""B"": ""Nb"", ""X"": ""O""}",cifs/oxide_T3_2.cif,True,CsNbO3,True,True,False,-2.47523,True,False,2.9,False
oxide_T3_3,oxide,3,3.5,-0.1,NaTaO3,"{""A"": ""Na"", ""B"": ""Ta"", ""X"": ""O""}",cifs/oxide_T3_3.cif,True,NaTaO3,True,True,False,-2.90212,True,False,5.3,False
oxide_T3_4,oxide,3,3.5,-0.1,BaPbO3,"{""A"": ""Ba"", ""B"": ""Pb"", ""X"": ""O""}",cifs/oxide_T3_4.cif,True,BaPbO3,True,True,False,-1.96994,True,False,0.0,False
oxide_T3_5,oxide,3,3.5,-0.1,LaCoO3,"{""A"": ""La"", ""B"": ""Co"", ""X"": ""O""}",cifs/oxide_T3_5.cif,True,LaCoO3,True,True,False,-2.08416,True,False,0.0,False
oxide_T3_6,oxide,3,3.5,-0.1,BaTiO3,"{""A"": ""Ba"", ""B"": ""Ti"", ""X"": ""O""}",cifs/oxide_T3_6.cif,True,BaTiO3,True,True,False,-3.36382,True,False,4.0,True
chalcogenide_T1_1,chalcogenide,1,1.5,-0.1,LaScTe3,"{""A"": ""La"", ""B"": ""Sc"", ""X"": ""Te""}",cifs/chalcogenide_T1_1.cif,True,LaScTe3,True,True,True,-1.8836,True,True,,
chalcogenide_T1_2,chalcogenide,1,1.5,-0.1,BaGeS3,"{""A"": ""Ba"", ""B"": ""Ge"", ""X"": ""S""}",cifs/chalcogenide_T1_2.cif,True,BaGeS3,True,True,True,-656.8031,False,False,,
chalcogenide_T1_3,chalcogenide,1,1.5,-0.1,LaVTe3,"{""A"": ""La"", ""B"": ""V"", ""X"": ""Te""}",cifs/chalcogenide_T1_3.cif,True,LaVTe3,True,True,True,-1.53927,True,True,,
chalcogenide_T1_4,chalcogenide,1,1.5,-0.1,BaWS3,"{""A"": ""Ba"", ""B"": ""W"", ""X"": ""S""}",cifs/chalcogenide_T1_4.cif,True,BaWS3,True,True,True,3221614596037021.0,False,False,,
chalcogenide_T1_5,chalcogenide,1,1.5,-0.1,CaWTe3,"{""A"": ""Ca"", ""B"": ""W"", ""X"": ""Te""}",cifs/chalcogenide_T1_5.cif,True,CaTe3W,True,True,True,-1.04586,True,True,,
chalcogenide_T1_6,chalcogenide,1,1.5,-0.1,BaZrTe3,"{""A"": ""Ba"", ""B"": ""Zr"", ""X"": ""Te""}",cifs/chalcogenide_T1_6.cif,True,BaZrTe3,True,True,True,-2.00167,True,True,,
chalcogenide_T2_1,chalcogenide,2,2.5,-0.1,RbNbTe3,"{""A"": ""Rb"", ""B"": ""Nb"", ""X"": ""Te""}",cifs/chalcogenide_T2_1.cif,True,RbNbTe3,True,True,True,-1.35522,True,True,,
chalcogenide_T2_2,chalcogenide,2,2.5,-0.1,CsTaTe3,"{""A"": ""Cs"", ""B"": ""Ta"", ""X"": ""Te""}",cifs/chalcogenide_T2_2.cif,True,CsTaTe3,True,True,True,-1.29506,True,True,,
chalcogenide_T2_3,chalcogenide,2,2.5,-0.1,LaCrTe3,"{""A"": ""La"", ""B"": ""Cr"", ""X"": ""Te""}",cifs/chalcogenide_T2_3.cif,True,LaCrTe3,True,True,True,-1.48522,True,True,,
chalcogenide_T2_4,chalcogenide,2,2.5,-0.1,KNbTe3,"{""A"": ""K"", ""B"": ""Nb"", ""X"": ""Te""}",cifs/chalcogenide_T2_4.cif,True,KNbTe3,True,True,True,-1.33832,True,True,,
chalcogenide_T2_5,chalcogenide,2,2.5,-0.1,BaWTe3,"{""A"": ""Ba"", ""B"": ""W"", ""X"": ""Te""}",cifs/chalcogenide_T2_5.cif,True,BaTe3W,True,True,True,-1.30964,True,True,,
chalcogenide_T2_6,chalcogenide,2,2.5,-0.1,LaFeTe3,"{""A"": ""La"", ""B"": ""Fe"", ""X"": ""Te""}",cifs/chalcogenide_T2_6.cif,True,LaFeTe3,True,True,True,-1.51431,True,True,,
chalcogenide_T3_1,chalcogenide,3,3.5,-0.1,CaGeTe3,"{""A"": ""Ca"", ""B"": ""Ge"", ""X"": ""Te""}",cifs/chalcogenide_T3_1.cif,True,CaGeTe3,True,True,True,-1.08109,True,True,,
chalcogenide_T3_2,chalcogenide,3,3.5,-0.1,CaMoS3,"{""A"": ""Ca"", ""B"": ""Mo"", ""X"": ""S""}",cifs/chalcogenide_T3_2.cif,True,CaMoS3,True,True,True,-2720.93907,False,False,,
chalcogenide_T3_3,chalcogenide,3,3.5,-0.1,NaTaTe3,"{""A"": ""Na"", ""B"": ""Ta"", ""X"": ""Te""}",cifs/chalcogenide_T3_3.cif,True,NaTaTe3,True,True,True,-1.1456,True,True,,
chalcogenide_T3_4,chalcogenide,3,3.5,-0.1,LaCoS3,"{""A"": ""La"", ""B"": ""Co"", ""X"": ""S""}",cifs/chalcogenide_T3_4.cif,True,LaCoS3,True,True,True,-2.54413,True,True,,
chalcogenide_T3_5,chalcogenide,3,3.5,-0.1,CaWS3,"{""A"": ""Ca"", ""B"": ""W"", ""X"": ""S""}",cifs/chalcogenide_T3_5.cif,True,CaWS3,True,True,True,-33543487.66555,False,False,,
chalcogenide_T3_6,chalcogenide,3,3.5,-0.1,CaHfTe3,"{""A"": ""Ca"", ""B"": ""Hf"", ""X"": ""Te""}",cifs/chalcogenide_T3_6.cif,True,CaHfTe3,True,True,True,-1.61658,True,True,,
halide_T1_1,halide,1,1.5,-0.1,NaFeI3,"{""A"": ""Na"", ""B"": ""Fe"", ""X"": ""I""}",cifs/halide_T1_1.cif,True,NaFeI3,True,True,True,-0.55319,True,True,,
halide_T1_2,halide,1,1.5,-0.1,NaNiI3,"{""A"": ""Na"", ""B"": ""Ni"", ""X"": ""I""}",cifs/halide_T1_2.cif,True,NaNiI3,True,True,True,-0.72329,True,True,,
halide_T1_3,halide,1,1.5,-0.1,RbMnI3,"{""A"": ""Rb"", ""B"": ""Mn"", ""X"": ""I""}",cifs/halide_T1_3.cif,True,RbMnI3,True,True,True,-1.12281,True,True,,
halide_T1_4,halide,1,1.5,-0.1,CsZnI3,"{""A"": ""Cs"", ""B"": ""Zn"", ""X"": ""I""}",cifs/halide_T1_4.cif,True,CsZnI3,True,True,True,-1.1654,True,True,,
halide_T1_5,halide,1,1.5,-0.1,RbSnI3,"{""A"": ""Rb"", ""B"": ""Sn"", ""X"": ""I""}",cifs/halide_T1_5.cif,True,RbSnI3,True,True,True,-1.19356,True,True,,
halide_T1_6,halide,1,1.5,-0.1,RbPbI3,"{""A"": ""Rb"", ""B"": ""Pb"", ""X"": ""I""}",cifs/halide_T1_6.cif,True,RbPbI3,True,True,True,-1.23978,True,True,,
halide_T2_1,halide,2,2.5,-0.1,CsPbI3,"{""A"": ""Cs"", ""B"": ""Pb"", ""X"": ""I""}",cifs/halide_T2_1.cif,True,CsPbI3,True,True,True,-1.30173,True,True,,
halide_T2_2,halide,2,2.5,-0.1,KPbI3,"{""A"": ""K"", ""B"": ""Pb"", ""X"": ""I""}",cifs/halide_T2_2.cif,True,KPbI3,True,True,True,-1.18573,True,True,,
halide_T2_3,halide,2,2.5,-0.1,RbFeI3,"{""A"": ""Rb"", ""B"": ""Fe"", ""X"": ""I""}",cifs/halide_T2_3.cif,True,RbFeI3,True,True,True,-0.77255,True,True,,
halide_T2_4,halide,2,2.5,-0.1,KFeI3,"{""A"": ""K"", ""B"": ""Fe"", ""X"": ""I""}",cifs/halide_T2_4.cif,True,KFeI3,True,True,True,-0.73737,True,True,,
halide_T2_5,halide,2,2.5,-0.1,KZnI3,"{""A"": ""K"", ""B"": ""Zn"", ""X"": ""I""}",cifs/halide_T2_5.cif,True,KZnI3,True,True,True,-1.10173,True,True,,
halide_T2_6,halide,2,2.5,-0.1,CsMnI3,"{""A"": ""Cs"", ""B"": ""Mn"", ""X"": ""I""}",cifs/halide_T2_6.cif,True,CsMnI3,True,True,True,-1.16015,True,True,,
halide_T3_1,halide,3,3.5,-0.1,NaZnI3,"{""A"": ""Na"", ""B"": ""Zn"", ""X"": ""I""}",cifs/halide_T3_1.cif,True,NaZnI3,True,True,True,-0.92752,True,True,,
halide_T3_2,halide,3,3.5,-0.1,KCuI3,"{""A"": ""K"", ""B"": ""Cu"", ""X"": ""I""}",cifs/halide_T3_2.cif,True,KCuI3,True,True,True,-0.89154,True,True,,
halide_T3_3,halide,3,3.5,-0.1,NaMnI3,"{""A"": ""Na"", ""B"": ""Mn"", ""X"": ""I""}",cifs/halide_T3_3.cif,True,NaMnI3,True,True,True,-0.89972,True,True,,
halide_T3_4,halide,3,3.5,-0.1,NaCoI3,"{""A"": ""Na"", ""B"": ""Co"", ""X"": ""I""}",cifs/halide_T3_4.cif,True,NaCoI3,True,True,True,-0.5863,True,True,,
