id,true_heat_all,true_dir_gap,pred_heat_all,pred_dir_gap
3961,1.16,0,1.428,0
11922,1.66,0,1.42,0
6694,1.56,0,1.968,0
3335,1.56,0,1.144,0
18565,1.96,0,2.16,0
2330,1.62,0,1.536,0
3821,2.24,0,0.924,0
15919,0.8,0,1.136,0
8303,1.48,0,1.484,0
4426,1.5,0,0.972,0
10279,0.82,0,1.56,0
13521,0.56,0,0.576,0
7085,0.98,0,1.708,0
10041,1.82,0,2.752,0
16593,4.24,0,3.836,0
4401,0.82,0,2.06,0
18212,1.32,0,1.748,0
16252,1.44,0,1.772,0
14985,0.2,4.5,0.868,0
5581,2.74,0,1.856,0
6204,1.94,0,1.704,0
17535,1.5,0,1.472,0
15077,0.16,1.4,1.008,0
4815,2.36,0,1.368,0
5691,1.56,0,1.444,0
15533,0.68,0,0.928,1
15912,0.84,0,1.376,0.54
7839,1.32,0,1.572,0
14938,1.2,0,1.216,0
1762,1.42,0,1.66,0
13259,0.7,0,1.292,0
8875,0.82,2.6,1.024,0.66
11300,1.74,0,1.468,0.7
6729,0.34,0,1.296,0
2326,1.54,0,1.148,0
2223,1.28,0,1.388,0
15214,0.14,0,0.84,0.48
6194,0.84,0,1.376,0.28
1480,1.14,0,1.372,0
16417,1.16,0,1.112,0
8975,0.9,0,1.124,0.54
10160,1.06,0,1.324,0
9295,0.8,0,0.76,0.36
11352,2.92,0,1.608,0.94
2735,1.68,0,1.72,0
14862,1.88,0,1.732,0
700,1.64,0,1.92,0
15304,-0.04,0,1.648,0
2159,2.08,0,1.62,0
15733,0.38,0,0.908,0
14594,2.28,0,1.116,0.28
18901,1.46,0,1.52,0
17599,3.26,0,2.38,0
4427,1.92,0,1.144,0
8522,1.2,0,1.108,0
14124,2.32,0,1.88,0
2075,3.54,0,1.044,0.2
14451,0.44,0,1.584,0
16269,2.46,0,2.52,0
7182,1.12,0,2.088,0
13308,1.56,0,1.444,0
7259,1.64,0,1.844,0
3743,1.5,0,1.276,0
9471,1.38,0,1.132,0
14458,1.36,0,1.52,0.16
2977,2.54,0,2.18,0
8132,3.02,0,1.08,0
990,1.26,0,2.192,0.64
18863,4.08,0,2.952,0
7957,0.72,0,1.648,0
16445,1.06,0,0.94,0.1
3633,1.3,0,1.492,0
1810,0.88,0,1.356,0
12714,1.42,0,1.264,0.7
16522,2.32,0,2.212,0
9698,1.42,0,3.008,0
14351,0.58,0,1.228,0
15495,1.46,0,2.252,0
4393,1.86,0,0.82,0.6
6951,1.3,0,1.64,0
97,2.54,0,2.496,0
17378,1.78,0,2.512,0
9341,1.58,0,1.94,0
8822,0.6,0,1.592,0
8899,0.76,2.5,1.124,0
9592,1.22,0,1.512,0
16081,1.24,0,1.256,0
16546,1.96,0,1.36,0
8478,1.22,0,1.468,0.38
12605,0.52,0,0.82,0
14035,1.34,0,1.672,0
1735,1.22,0,1.268,0
15711,0.92,0,1.06,1.08
15721,1.46,0,1.704,0
15174,2.24,0,1.648,0
6492,1.42,0,1.568,0
16659,1.68,0,2.284,0
6205,1.98,0,1.684,0
17661,0.84,0,1.352,0
12510,1.04,0,1.236,0.3
5639,0.68,0,1.088,0
9861,3.56,0,2.316,0
13690,1.04,0,0.796,0
7877,2.34,0,1.532,0
17358,2.12,0,1.812,0
12052,1.32,0,1.48,0
8427,1.12,0,1,0
14009,0.16,0,0.956,0
12815,1.44,0,1.732,0.3
8435,0.3,1,1.424,0
12057,0.68,0,1.096,0
2217,1.96,0,1.128,0
10828,2.04,0,0.98,0
16386,1.5,0,1.612,0
7870,1.8,0,1.376,0
5035,1.38,0,1.488,0
17810,1.66,0,1.692,0.24
11417,0.86,0,1.572,0
12564,1.54,0,1.196,0
13863,0.1,0,0.66,0
17725,1.8,0,1.912,0
2229,1.26,0,1.18,0
14275,0.92,0,0.976,0
1264,2.06,0,1.44,0
13525,0.68,0,1.048,0
13965,0.34,0,0.768,0.72
14856,1.14,0,1.08,0
6814,1.86,0,1.544,0
18442,2.02,0,1.568,0
11863,2.4,0,1.212,0
14995,0.82,0,0.912,0
5847,2.62,0,1.148,0
6322,1.36,0,1.356,0
17534,1.64,0,2.428,0
4095,1.3,0,1.128,0
16263,2.16,0,1.928,0
12432,1.34,0,0.92,0
6952,1.1,0,1.672,0
6569,1.52,0,2.032,0
14152,2.28,0,1.696,0
348,1.36,0,2.108,0
18623,1.48,0,2.476,0
18143,1.74,0,2.028,0
361,2.02,0,0.788,1.26
17809,1.8,0,1.74,0
8258,1.1,0,1.172,0
11500,1.82,0,1.676,0
5050,2.8,0,1.844,0
7499,0.42,0,0.88,0
6987,1.04,0,1.152,0
16122,1.84,0,1.6,0
10231,1.24,0,1.508,0
13792,1.1,0,0.584,0
1453,1.38,0,1.932,0
16217,2.1,0,1.92,0
4721,0.96,0,1.38,0
6816,2.04,0,1.612,0
13153,1.34,0,1.56,0.7
1772,1.98,0,2.016,0
6520,0.98,0,1.384,0.04
8413,1.16,0,1.328,0.14
12443,0.78,0,0.848,0.98
14371,0.88,0,0.74,0.34
2905,1.34,0,0.892,0
9177,1.88,0,1.756,0
16575,2.16,0,2.824,0
4134,1.14,0,1.616,0
15417,1.02,0,1.212,0
11803,1.56,0,1.656,0
10534,1.24,0,1.044,0
10129,1.06,0,1.48,0
8007,1.1,0,2.816,0
1947,0.42,0,1.224,0
10104,1.38,0,1.116,0.36
15513,1.56,0,1.688,0
14595,1.62,0,0.956,0
4451,2.7,0,1.508,0
985,3.16,0,2.036,0
11302,1.02,0,0.972,0.3
11528,1.26,0,1.328,0
3105,1.02,0,1.596,0
3187,1.1,0,1.008,0
13824,1.46,0,0.712,0.8
14021,1.66,0,1.444,0
850,0.46,0,1.54,0
17375,1.38,0,1.596,0
7110,0.36,0,1.088,0
17058,2.72,0,2.488,0
4504,0.54,0,0.824,0
14255,1.8,0,1.796,0
9469,0.84,0,1.12,0
6651,2.04,0,1.7,0
18636,1.22,0,1.496,0
17218,3.62,0,1.56,0
4423,2.6,0,2.032,0
1025,1.86,0,1.332,0
13631,0.76,0,0.788,0
6430,2,0,1.408,0
8083,1.66,0,2.48,0
16718,1.1,0,1.108,0
8058,1.26,0,1.22,0
18553,1.76,0,1.812,0
11421,1.44,0,0.836,0.3
7206,2.06,0,2.008,0
8492,1.4,0,1.268,0.66
11645,1.6,0,1.28,0
17475,1.1,0,0.972,0
16563,2.06,0,1.82,0
8103,1.66,0,1.196,0
218,1.3,0,0.868,0.54
7279,1.1,0,1.3,0
4215,0.9,0,1.056,0.46
3878,1.3,0,1.184,0.04
17739,1.46,0,1.78,0
5763,1.44,0,1.092,0
14660,0.52,0,1.372,0
16062,2.04,0,1.628,0
18619,0.82,0,1.036,0
17685,2.44,0,2.704,0
544,2.04,0,1.396,0
14438,0.9,1.1,0.916,0
17887,2.18,0,1.548,0
2522,2.6,0,1.936,0
2252,0.96,0,1.596,0
13138,0.56,0,1.484,0
5591,1.26,0,1.952,0
18718,1.9,0,2.22,0
3513,1.06,0,1.564,0
1177,1.12,0,1.644,0
15505,1.34,0,1.532,0
14272,0.82,0,1.092,0.3
4158,1.88,0,1.788,0
6499,1.6,0,1.708,0
4183,1.74,0,1.668,0
12372,1,0,1.972,0
14786,1.02,0,1.164,0
541,2.06,0,1.632,0
18513,2.18,0,2.092,0
8673,1.18,0,1.636,0
1514,1.74,0,1.364,0
10871,0.56,0,0.732,0
8693,1.18,0.2,1.62,0
7896,2.72,0,1.976,0
10076,1.62,0,1.18,0
15399,0.1,2,0.88,0
15929,1.86,0,1.516,0
528,1.44,0,1.392,0
17700,1.76,0,1.616,0.22
9720,0.94,0.2,1.376,0
13709,1.56,0,0.728,0.16
11151,0.66,0,1.16,0
2789,1.76,0,1.128,0
14195,0.44,0.8,0.884,0.48
9788,1.46,0,1.488,0
702,0.6,0,1.448,0
10058,1.74,0,1.468,0
5749,2.12,0,1.916,0
17623,1.82,0,1.88,0
1030,0.8,0,1.588,0
2261,1.24,1.8,1.128,0.2
12516,0.54,0,1.06,0
2769,0.46,0,0.864,0.24
8814,1.38,0,1.532,0.38
15815,0.56,0,1.752,0.72
3394,0.98,0,2.028,0
13636,2.22,0,1.1,0.76
18232,2.82,0,1.276,0
12192,0.86,0,1.316,0
9807,1.4,0,1.26,0
8744,0.7,0,1.26,0
6058,1.96,0,1.264,0
8768,1.08,0.5,1.312,0
16186,0.48,0,1.26,0.12
18220,1.6,0,1.856,0
18028,1.4,0,1.28,0
5016,3.98,0,2.592,0
9887,1.56,0,1.524,0
7549,1.88,0,2.468,0
12016,1.62,0,0.94,0.78
18558,2.18,0,2.156,0
9808,0.52,2.7,1.4,0
11543,0.92,0,1.18,0
15334,2.54,0,1.932,0
8580,3.14,0,1.056,0.36
14401,1.96,0,1.496,0
15159,1.44,0,1.952,0
406,1.28,0,1.712,0.2
14624,1.46,0,1.292,0
11153,1.1,0,1.14,0
1185,2.9,0,1.668,0
2834,2.02,0,1.656,0
17051,1.26,0,1.764,0
4413,0.46,1.7,1.14,0
832,1.28,0.4,1.072,0
207,1.32,0,1.492,0
18503,1.78,0,1.772,0.04
9697,1.3,0,0.996,0
8085,0.8,0,1.224,0
16750,1.66,0,1.648,0
8728,2.82,0,1.192,0
16175,0.28,0,1.184,0
6006,0.7,0,1.368,0
14390,-0.06,0,1.084,0
9075,1.66,0,1.504,0
16652,2.84,0,2.584,0
3486,2.98,0,1.928,0
6294,3.22,0,2.712,0
17192,1.12,0,1.948,0
5574,2.42,0,1.704,0
6604,1.48,0,1.476,0.36
3373,0.96,0,1.152,0.04
13888,0.58,0,1.008,0
5496,1.96,0,1.752,0
10978,1.96,0,1.112,0.78
9305,0.84,0,0.86,0.66
3546,1.26,0,0.992,0
7145,1.36,0,1.524,0
1612,2,0,2.172,0
16765,1.56,0,1.864,0
2157,1.44,0,1.02,0.12
9827,0.74,0,1.032,0
18542,1.72,0,1.876,0
7393,0.96,0,1.908,0.18
6750,2.56,0,1.836,0
5228,1.34,0,2.368,0
8656,0.56,0,0.7,0
9277,0.9,0,1.2,0
2331,1.86,0,1.92,0
1081,0.86,0,1.26,0.54
5099,1.54,0,1.372,0
4914,1.26,0,0.924,0
13854,1.68,0,1.888,0
12490,1.28,0,1.588,0
4998,1.56,0,1.204,0
8459,1.94,0,1.208,0.28
11333,0.86,0,1.676,0
18459,1.38,0,1.732,0
13583,1.04,0,1.196,0.6
5126,1.16,0,1.848,0
7924,1.2,0,1.144,0
13118,0.42,0,0.82,0
11923,2.54,0,1.54,0
10305,0.44,0,0.952,0
15878,1.58,0,1.392,0
16527,2.04,0,1.908,0
8337,1.18,0,1.964,0
11174,1.98,0,1.412,0
11362,1.58,0,1.02,0.2
17294,2,0,1.848,0
7130,1.16,0,1.884,0.16
13452,1.24,0,1.428,0
9905,0.64,0,0.928,0.66
10217,1.2,0,1.14,0
16430,1.56,0,1.972,0
10785,0.56,0,1.52,0
9762,1.04,0,2.012,0
12777,0.28,0,1.352,0
6104,2.08,0,1.8,0
3110,0.42,1.2,1.472,0
5240,1.66,0,1.808,0
15371,1.08,0,0.832,0.16
8982,2.04,0,1.248,0
12949,0.42,0,1.484,0
14980,1.12,0,1.864,0
13670,1.26,0,1.66,0.66
2511,0.88,0,1.756,0.2
7946,1.98,0,1.564,0
3210,2.34,0,1.516,0
15326,-0.04,0,1.22,0.44
757,0.9,0,0.772,0.74
5891,1.04,0,1.312,0
12534,0.7,0,0.956,0
10105,1.22,0,1.268,0
4809,1.4,0,2.284,0
418,2.58,0,1.264,0
6059,1.12,0,1.692,0
17597,2.52,0,1.54,0
13735,0.7,0,0.716,0
9763,0.56,0,1.428,0
2751,2.94,0,1.96,0
15909,2.32,0,1.008,0
4618,0.62,0,1.14,0
17236,1.46,0,1.796,0
11620,1.56,0,1.236,0
1669,1.58,0,2.024,0
3170,0.68,0,1.36,0
12919,0.98,0,1.728,0
4306,1.58,0,1.624,1.04
16164,0.84,0,0.72,0.8
4001,1.44,0,0.668,0
12045,1.86,0,1.228,0
18668,2.2,0,2.068,0
7795,2.82,0,1.408,0
15121,1.58,0,0.972,0
13651,2.3,0,1.94,0
5365,2.62,0,1.836,0
4374,1.84,0,1.256,0
18898,2.04,0,2.14,0
14131,0.58,0,0.464,0.24
12465,1.6,0,0.916,0.3
10678,1.48,1,1.16,0
4307,1.04,0,1.14,0.3
10330,1.42,0,1.664,0
5744,0.82,0,1.464,0
15800,2.02,0,1.884,0
7410,1.6,0,1.828,0.16
6996,1.12,0,2.012,0
5266,1.32,0,1.268,0
3259,1.44,0,1.532,0
16375,1.32,0,2.432,0
2611,0.42,0,1.308,0
7631,1.48,0,1.276,0
18843,2.3,0,2.412,0
5806,1.54,0,1.656,0
7964,1.78,0,2.292,0
10121,1.14,0,1.284,0
9155,1.52,0,1.032,0
13581,1.4,0,1.26,0
8140,2.8,0,1.66,0
17185,1.18,0,1.892,0
3043,2.42,0,1.328,0
16703,2.3,0,1.348,0
90,0.98,0,1.504,0
12385,1.4,0,1.332,0
18090,1.56,0,1.78,0
10284,2.74,0,1.196,0
12286,1.3,0,0.872,0
13897,0.38,0,0.8,0
2146,1.48,0,1.616,0
16629,1.46,0,1.936,0
18402,0.92,0,1.508,0
5725,0.78,0,1.496,0
9718,1.08,0,1.268,0
13604,0.54,1.7,1.436,0
12766,0.7,0,0.908,0.3
448,0.7,0,1.08,0.74
5569,3.2,0,1.92,0
11507,0.72,0,0.88,0.88
14412,0.32,0,1.064,0.92
3389,0.48,0,1.476,0.42
14562,2.02,0,1.24,0
2198,1.2,0,2.116,0
1525,1.44,0,1.492,0
9292,2.16,0,1.072,0
15996,2.4,0,1.88,0
14628,3.46,0,1.78,0
9689,0.98,0,1.356,0
15984,1.76,0,1.26,0
17060,1.3,0,1.696,0
4015,1.68,0,1.488,0
6944,0.54,0,1.784,0
11901,1.78,0,1.276,0.3
17209,1.74,0,1.492,0
6847,1.48,0,1.428,0.18
18206,1.08,0,2.176,0
13565,0.78,0,1.004,0.06
16300,2.16,0,1.864,0
15761,0.82,0,1.196,0
10697,1.2,0,1.512,0
5257,1.82,0,1.148,0
16326,1.72,0,2,0
11604,1.12,0,1.188,0
13879,1.7,0,1.488,0
4679,0.88,0,0.928,0
2150,1.48,0,0.944,0
14069,0.64,0,0.744,0
2884,2.04,0,1.284,0.04
11486,1.04,0,2.036,0
9077,0.98,0,0.904,0
12282,0.96,0,1.36,0
1890,1.42,0,1.688,0
1043,2.44,0,1.952,0
316,1.08,0,1.424,0
17844,0.94,0,1.128,0
12976,0.86,0,1.248,0
15112,2.08,0,0.912,1.62
6106,2.58,0,1.516,0
3312,1.62,0,0.84,0.72
5456,1.82,0,1.712,0
13928,0.72,0,1.26,0
14879,1.82,0,1.32,0
13516,0.22,0,0.932,0
4672,1.38,0,1.956,0
5654,1.18,0,1.132,0.22
17391,1.82,0,1.584,0
3539,1.4,0,1.292,0
5589,0.64,0,2.252,0
14113,3.82,0,2.308,0
4436,1.9,0,1.32,0
17049,1.24,0,1.38,0
171,0.4,0,1.372,0.12
16304,1.84,0,2,0
9365,0.9,0,1.392,0.66
2435,1.54,0,1.476,0.2
5100,0.64,0,1.504,0
13306,0.92,0,1.228,0.04
5283,1.8,0,1.36,0
7509,0.56,0,1.3,0
870,1.76,0,1.128,0
9742,1,0,1.088,0
1515,1.36,0,1.548,0
9536,1.28,0,1.02,0
16471,1.6,0,2.484,0
12227,1.46,0,1.252,0.7
17620,2.06,0,1.288,0
18671,2.54,0,2.46,0
1781,1.44,0,1.176,0
14884,2.24,0,1.708,0.52
3557,0.44,1.2,1.816,0
14469,1.02,0,1.036,0.5
2696,1.34,0,1.336,0
10118,2.78,0,1.98,0
7989,1.08,0,1.756,0
12323,1.3,0,1.804,0
2582,1.94,0,2.164,0
16442,1.28,0,1.052,0
248,0.82,0,1.496,0
13226,0.46,0,1.996,0
5352,1.58,0,0.952,0.3
16939,2.04,0,2.116,0
11513,1.54,0,1.584,0
7394,1.2,0,1.644,0
6280,1.04,0,1.624,0
608,1.66,0,1.336,0
12621,2.72,0,1.484,0
5846,0.62,0,0.704,0
2305,0.42,0,1.196,0
17401,2.02,0,2.616,0
15473,1.3,0,1.296,0
18559,2.72,0,2.336,0
18430,1.86,0,1.952,0
6320,1.7,0,1.656,0
15426,1.34,0,1.004,0
13994,1.6,0,1.472,0
12206,1.4,0,1.48,0
6993,2.12,0,1.864,0
9377,1.72,0,1.456,0
8073,1.38,0,1.272,0
7168,1.78,0,1.652,0
9573,0.9,0,0.948,0.66
9490,1,0,1.972,0
14089,1.68,0,1.308,1.32
4320,2.42,0,1.368,0
16600,2.18,0,2.296,0
8332,0.9,0,1.156,0
4421,2.44,0,1.844,0
6348,0.92,0,1.704,0
14673,0.88,0,1.144,0
14908,1.14,0,1.092,0
14359,0.74,0,0.576,0
10325,0.96,0,1.252,0
18112,1.4,0,1.292,0.14
8227,1.16,0,1.5,0
18414,1.86,0,1.852,0
3668,1.46,0,1.016,0
2249,1.54,0,2.1,0
13568,2.58,0,0.876,0
2154,0.98,0,0.808,1.8
13165,1.16,0,1.228,0
3691,1.86,0,1.648,0
15074,1.44,0,1.236,0
10773,0.64,0,1.096,0
15661,0.9,0,1.3,0
17237,2.14,0,2.192,0
13356,1.42,0,1.592,0
14923,2.02,0,2.096,0
11110,2.32,0,1.352,0
7380,2.32,0,1.312,0
6122,0.6,1.6,1.252,0.4
12554,0.96,0,1.572,0
291,1.52,0,1.356,0
2562,1.52,0,2.108,0
1799,1.28,0,1.656,0
649,1.42,0,1.892,0
8648,1.28,0,1.412,0
3917,0.8,0,1.596,0
9563,1.46,0,1.636,0
9005,1.22,3.6,1.32,0.42
18614,1.52,0,1.576,0
15164,1.16,0,0.928,0
15378,2.26,0,1.768,0
15252,0.78,0,1.256,0
8081,2.32,0,1.796,0
13849,0.82,0,1.388,0
12888,0.78,0,1.44,0
2953,1.14,0,1.496,0
13645,0.64,0,1.432,0
11193,0.82,0,0.936,0
13143,1.04,0,1.32,0
5774,1.8,0,1.568,0
2103,1.46,0,2,0
14216,0.94,0,0.872,0
3091,1.16,0,1.856,0
14452,1.28,0,1.808,0
6252,1.72,0,1.652,0
14794,2.16,0,1.732,0
1610,0.84,0,1.62,0
13136,0.34,0,1.132,0
15288,0.98,0,0.776,0
5027,1.68,0,2.372,0
16465,2.52,0,1.96,0
4684,2.58,0,2.912,0
3159,0.6,0,1.012,0
5603,0.52,0,1.26,0
7955,1.12,0,1.704,0
13541,0.76,0,0.396,0.8
2079,1.1,0,1.068,0.54
859,2.9,0,1.112,0
17554,1.48,0,1.6,0
2990,0.38,1.8,1.644,0
11217,1.84,0,1.404,0.24
3153,2.18,0,1.228,0
9574,0.66,0,1.144,0
16716,2,0,1.872,0
9010,3.54,0,2.476,0
4974,1.64,0,1.496,0
9187,1.4,0,1.292,0.66
1694,1.02,0,1.228,0
17813,1.2,0,2.572,0
11370,0.6,0,0.748,0
13025,1.64,0,1.352,0.3
18877,3.54,0,1.592,0
10067,1.54,0,1.144,0
1224,1.34,0,1.792,0.64
12448,1.72,1.4,1.504,1.46
9653,1.24,0,1.38,0
8367,1.4,0,1.072,0.66
7995,2.36,0,1.768,0
13152,1.86,0,1.212,0
18227,1.76,0,1.888,0
13018,2.1,0,0.824,0
17347,2.86,0,1.904,0
9264,1.26,0,1.072,0
8780,1.62,0,2.548,0
12867,1.76,0,1.468,0
15429,0.02,6.7,0.856,0.82
5031,1.9,0,1.624,0
7592,2.6,0,2.176,0
1961,1.14,0,2.056,0
18093,1.44,0,1.256,0
12027,1.36,0,1.212,0
16899,2.38,0,1.804,0
4690,1.52,0,1.584,0
5695,0.68,0,1.092,0
2496,0.86,0,1.568,0
4319,1.7,0,1.896,0
17929,2.46,0,3.352,0
4074,2.44,0,1.572,0
8160,1.94,0,1.58,0.42
2642,0.86,0,1.744,0
16574,4.6,0,2.192,0
4449,1.64,0,0.968,0.36
4964,1.2,0,1.336,0
11010,1.5,0,1.544,0
11852,1.1,0,1.176,0
2847,1.48,1.6,1.48,0
3830,1.34,0,1.828,0
5568,1.34,0,2.032,0
1849,1.28,0,1.74,0
11973,1.5,0,1.156,0.58
18078,1.48,0,1.308,0
13789,0.94,0,1.228,0
5420,1.64,0,1.52,0
12028,2.58,0,1.568,0
13797,1.58,0,1.956,0
16519,2.22,0,1.7,0
3973,2.04,0,1.444,0
5872,1.8,0,1.856,0
13799,1.06,0,1.192,0
8124,1.08,0,1.992,0
13638,3.36,0,1.664,0.24
449,1.62,0,2.044,0
17654,1.82,0,1.484,0
4979,1.76,0,1.724,0
5045,1.28,0,1.204,0
2245,0.98,0,1.032,0.2
5281,1.02,0,1.024,0.18
9289,1.58,0,1.236,0
4371,1.2,0,1.304,0.04
14952,1.06,0,1.456,0
15208,0.46,0,0.588,1.68
6579,2.6,0,1.528,0
1555,1.3,0,1.136,0
4288,1.94,0,0.792,0.42
13532,1.62,0,1.368,0
11301,0.18,0,1.012,0
8473,1.04,0,1.064,0.66
17805,2.76,0,1.332,0
18916,2.02,0,1.552,0
16278,1.26,0,1.52,0
4846,0.82,0,1.348,0
14954,1.22,0,0.816,0
10138,0.98,0,1.644,0
18627,2.84,0,2.396,0
261,1.16,0,1.544,0
10366,3.9,0,1.22,0
14828,1.04,0,1.204,0
11744,0.84,0,1.572,0
2122,1.34,0,1.468,0
2139,1.98,0,1.712,0
11996,0.46,0,1.28,0
8732,1.16,0,1.256,0.66
15185,0.16,0,1.112,0
2068,0.74,0,1.992,0
10387,1.04,0,1.064,0.66
17585,1.44,0,1.712,0
1381,-0.06,0,1.864,0
4575,1.16,0,1.516,0
10765,0.88,0,1.564,0
6134,2.16,0,1.792,0
976,2.26,0,1.512,0
8908,1.82,0,1.172,0
3099,1.36,0,1.124,0.46
70,2.44,0,2.056,0
962,0.64,0,1.264,0
7600,2.64,0,1.708,0
18205,1.3,0,1.688,0
8045,3.2,0,2.168,0
17755,1.7,0,1.872,0
17257,1.34,0,1.884,0
7042,2.16,0,1.696,0
15692,1.7,0,1.44,0
5357,2.36,0,1.44,0
4410,0.92,0,0.952,0.46
15472,1.12,0,1.28,0
11533,1.42,0,1.56,0
1577,1.22,0,1.616,0
3568,1.48,0,1.452,0
212,1.58,0,1.768,0
1585,0.86,0,1.44,0
11439,2.22,0,1.96,0.2
8993,0.78,0,1.02,0.26
1131,1.32,0,1.172,0
4989,3.66,0,2.42,0
4910,1.02,0,1.672,0
7372,3.16,0,2.044,0
10208,0.34,0,1.716,0
3184,1.98,0,1.4,0
18566,3.42,0,2.22,0
7074,1.36,0,1.892,0
12604,0.9,0,2.188,0
5609,1.68,0,1.804,0
7227,2.48,0,1.672,0
4152,2.24,0,0.936,0
8042,1.46,0,1.34,0
12594,1.12,0,1.704,0
12834,2.14,0,1.528,0
15879,1.14,0,1.204,0
4441,1.02,0,0.776,0
1748,3.1,0,1.236,0
18072,1.6,0,0.956,0.12
4956,1.66,0,0.816,0
9436,1.34,0,0.948,1.4
17816,1.82,0,1.896,0
16730,2.14,0,1.876,0
14000,1.94,0,1.136,0
6302,1.94,0,1.752,0
14672,1.08,0,1.2,0
1504,1.98,0,1.424,0
9920,0.94,0,1.224,0
9860,0.6,2.8,0.976,0
15852,0.94,0,1.02,0
3059,1.44,0,0.924,0
16679,3.84,0,2.432,0
13489,0.78,0,1.128,0
10296,0.94,0,1.676,0.66
2327,0.44,0,0.908,0
5525,2.14,0,1.932,0
13455,1.26,0,0.836,0
5789,2.32,0,2.304,0
4664,1.28,0,1.672,0
8769,3.8,0,2.172,0.42
18050,1.82,0,1.88,0
5083,1.52,0,1.508,0
7031,1.58,0,2.232,0
5293,2.32,0,1.2,0
17719,1.44,0,1.552,0
2512,1.34,0,2.06,0
18399,1.1,0,1.348,0
7240,1.44,0,2.604,0
17053,1.54,0,1.284,0
16835,2.6,0,1.808,0
9399,1.36,0,1.26,0
1729,1.94,0,1.168,0
17998,1.78,0,1.384,0
6242,2.3,0,1.872,0
17018,1.54,0,1.86,0
17196,1.78,0,1.616,0
12825,1.3,0,1.212,0
15184,0.34,0,0.716,0
14006,1.2,0,1.176,0
18463,1.16,0,1.184,0
15703,0.26,0,0.868,0
3459,0.5,1.8,1.272,0
6384,2.06,0,2.012,0
15091,0.84,5.8,1.988,0
17980,1.78,0,1.712,0
18356,1.44,0,1.788,0
3462,0.42,1.4,1.244,0
13041,1,0,1.82,0
17571,1.68,0,1.408,0
5687,1.06,0,1.46,0
3485,1.08,0,1.512,0
8238,1.12,1.3,0.908,0.66
3292,1.84,0,1.228,0
4725,0.74,0,1.852,0
2211,2.06,0,1.512,0
9895,1.02,0,1.592,0
7627,2.34,0,1.56,0
3617,1.46,0,1.728,0
8981,1.32,0,1.044,0
11123,0.82,0,1.496,0.7
7812,4.36,0,2.536,0
6041,3,0,2.092,0
6293,1.72,0,2.064,0
13209,0.94,0,1.716,0
15956,0.78,0,1.004,0
2486,2.5,0,2.156,0
15318,2.76,0,1.808,0.98
1730,1.02,0,1.188,0
10301,0.88,0,1.212,0
11165,1.04,0,0.76,0
4860,1.42,0,1.028,0.32
10971,1.52,0,0.944,0
5730,2.02,0,1.612,0
6148,2.2,0,1.94,0
2222,1.8,0,1.764,0
5768,1.94,0,2.128,0
7158,1.84,0,1.9,0.16
2081,1.84,0,1.372,0
14012,1.14,0,1.12,0
16251,1.76,0,1.616,0
8962,0.96,0,1.436,0
7617,1.96,0,1.736,0
12456,1.3,0,1.384,0
1672,1.4,0,2.172,0
4990,0.5,0,1.572,0.14
2183,1.54,0,1.52,0
9355,1.08,0,2.04,0
3802,1.18,0,1.388,0
16171,1.74,0,1.404,0
15103,0.56,0,1.236,0
15808,0.94,0,1.172,0
98,1.2,0,1.508,0
17509,1.54,0,1.692,0
5750,1.88,0,1.844,0
5558,2.16,0,1.18,0
738,0.62,0,1.052,0
17234,0.98,0,1.396,0
3810,0.96,0,1.28,0
13029,1.54,0,0.98,0
16247,2.14,0,1.816,0.04
768,1.52,0,1.968,0
12650,0.88,0,1.068,0
6503,1.94,0,1.464,0
16210,1.4,0,1.432,0
11446,0.64,0,1.172,0.78
6339,1.62,0,1.452,0
2756,1.96,0,2.476,0
9358,0.74,0,1.184,0
4227,1.14,0,1.124,0
2694,1.86,0,1.064,1.9
6857,2.2,0,2.06,0
8911,0.46,0,0.928,0
7460,1.26,0,1.332,0
2821,1.8,0,1.624,0
1958,1.02,0,1.88,0
5303,3.26,0,2.092,0
13821,0.76,0,1.208,0
12628,2.46,0,1.308,0
12879,0.9,0,0.852,0
1537,1.14,0,1.88,0
12382,1.22,0,1.328,0
8985,0.5,0,1.148,0
930,2.16,0,1.496,0
5169,1.22,0,1.664,0
11782,0.8,3.3,1.26,0
8254,1.74,0,1.708,0
14201,1.34,0,1.224,0.48
11881,1.48,0,1.86,0
18332,1.74,0,2.472,0
8065,1.18,0,1.672,0
13062,2.58,0,0.376,0
12821,2.8,0,1.112,0
7586,0.96,0,1.164,0.18
2158,1.58,0,1.156,0
5478,1.34,0,1.816,0
16964,1.94,0,2.072,0
753,1.44,0,1.236,0
14210,0.56,0,0.896,0.92
2312,1.36,0,1.16,0.2
2036,1.52,0,1.932,0
6779,2.06,0,2.124,0
8692,0.48,3.7,0.92,0.66
12750,2.54,0,1.152,0.14
14543,1.86,0,2.064,0
6907,1.66,0,1.72,0
7453,0.76,0,1.076,0
16332,0.2,0,2,0
8955,0.9,0,1.408,0.36
2250,1.28,0,1.28,0
1471,1.32,0,1.236,0
14791,0.96,0,1.244,0
13555,1.36,0,1.42,0
3817,0.88,0,1.868,0.04
13410,1.38,0,1.664,0
18528,1.1,0,1.92,0
6107,1.02,0,0.956,0
14137,1.44,0,1.304,0
15050,2.26,0,1.424,0
18817,1.84,0,1.788,0
11720,1.08,0,1.144,0
3632,1.12,0,1.02,0
14535,1.24,0,0.892,0.92
18199,2.66,0,2.38,0
16736,2.64,0,2.676,0
15744,1.6,0,1.436,0
13629,1.26,0,2.216,0.28
13120,0.86,0,1.176,0
2225,0.14,0,1.776,0
10687,1.34,0,2.2,0
1361,1.1,0,2.092,0
17737,3.06,0,1.896,0
8213,2.6,0,1.268,0
8401,1.46,0,1.164,0
5741,1.02,0,2.344,0
13741,0.08,5.5,0.812,0.16
10180,0.52,0,1.004,0
13971,1.48,0,1.016,1.6
17440,1.46,0,1.132,0
9482,1.38,0,1.248,0
18451,1.92,0,1.888,0
15163,0.72,0,1.172,0
8034,1.18,0,2.008,0
14086,0.58,0,0.672,0
8167,0.62,0,1.56,0
17462,1.88,0,1.528,0.18
1226,0.94,0,1.236,0
15018,0.98,0,0.952,1.24
2908,1.54,0,1.288,0
9308,1.3,0,1.172,0.36
17989,2.04,0,2.048,0
4709,1.62,0,1.324,0
11719,1.96,0,1.756,0
15370,0.58,0,1.036,0
11464,1.66,0,1.32,0.7
17846,1.3,0,1.36,0
12501,1.5,0,1.332,0
6169,1.58,0,1.724,0
7017,1.72,0,2.036,0
6018,1.58,0,1.728,0
13479,1.02,0,0.988,0
4282,1.22,0,3.476,0
10479,0.86,0,1.32,0
5081,1.56,0,2.324,0
14408,0.18,0,1.216,0.8
18572,1.48,0,1.488,0
3447,2.58,0,1.232,0
11812,0.42,0,1.064,0
4552,1.1,0,1.084,0
14419,0.86,0,0.864,0
9148,1.84,0,1.376,0
2240,1.5,0,1.424,0
3695,1.2,0,1.812,0
18375,2.34,0,2.304,0
3049,1.26,0,1.2,0.76
17443,3.76,0,3.008,0
9072,1.38,0,1.52,0
6494,1.14,0,1.352,0
13164,1,0,1.068,0
18091,3.84,0,2.2,0
5192,2.02,0,1.132,0
4004,1.22,0,0.776,0
15573,0.94,0,0.952,0
1556,1.6,0,1.112,0
3699,1.54,0,1.228,0
7222,2,0,2.288,0
12801,1.4,0,1.176,0
14929,0.82,0,1.172,0
17495,1.58,0,1.668,0
11967,1.04,0,1.256,0
13588,0.32,0,0.828,0
8835,1.16,0,1.372,0
6286,1.54,0,1.396,0
10430,1.04,0,0.884,0.66
12390,1.32,0,1.536,0
2553,1.14,0,1.92,0
6660,3.6,0,2.7,0
15190,0.64,0,0.456,0
15381,0.68,0,0.836,0.58
11210,0.36,0,0.816,0
4329,0.82,0,1.396,0
15166,1.5,0,1.208,1.92
8394,1.44,0,1.14,0
1651,1.6,0,1.912,0
3947,1.02,0,0.94,0
8136,0.86,0,1.22,0
9291,0.96,0,0.976,0
577,1.5,0,1.212,0
13274,0.8,0,2.032,0
5227,1.18,3,2.288,0
7532,1.56,0,1.496,0
14098,1.2,0,1.148,0
9252,0.84,0,1.332,0
17135,2.26,0,1.78,0
6510,1.3,0,1.492,0
14237,0.98,0,1.004,0.9
8516,1.16,1.3,1.34,0.48
7544,1.84,0,1.632,0
10175,1.04,0,1.196,0.28
5073,1.12,0,1.356,0
4223,2,0,1.944,0
1528,0.48,0,1.48,0
18366,1.5,0,1.644,0
9908,2.26,0,0.828,0
12574,1.64,0,1.792,0
14356,0.22,0,0.692,1.78
17296,3.04,0,2.436,0
8929,2.64,0,3.132,0
6028,0.86,0,0.964,0.46
11899,0.98,0,1.468,0.7
3230,1.76,0,1.188,0
9121,0.28,0,1.364,0
8602,1.32,0,1.664,0
17169,1.46,0,1.812,0
14675,-0.12,0,1.468,0
12981,0.66,0,1.288,0
3745,3.34,0,1.124,0
14798,0.44,0,0.848,0
10900,0.24,4.4,1.16,0
9082,1.52,0,1.144,0
29,1.44,0,1.864,0
17859,1.7,0,1.068,0
506,0.54,0,1.068,0.54
5417,1.34,0,1.624,0
9997,1.58,0,1.432,0
3567,1.74,0,1.652,0
16120,1.36,0,1.908,0
16737,0.98,0,1.508,0
920,1.58,0,1.28,0
3672,1.08,0,1.4,0
17005,1.82,0,1.196,0
15767,1.78,0,0.952,0
16515,3.3,0,1.38,0
18841,2.08,0,2.276,0
14999,1.72,0,1.456,0
14348,0.9,0,1.312,0
11049,0.46,0,1.188,0
16615,1.94,0,2.312,0
13110,0.6,0,1.468,0
1519,1.6,0,0.724,1.9
4579,1.4,0,0.844,0.08
16429,1.84,0,1.536,0
6463,1.1,0,1.128,0
16162,2.08,0,1.9,0
18529,1.52,0,1.84,0
4930,0.78,0,1.276,0
4218,2.8,0,2.172,0
11501,0.84,0,1.192,0
3868,2.3,0,1.552,0
16809,1.4,0,1.348,0
8679,1.22,0,1.236,0
2787,1.34,0,1.316,0.46
12055,2.08,0,1.208,0
404,1.58,0,1.844,0
16894,1.82,0,1.732,0
15056,0.28,1.7,1.184,0
11219,1.12,0,0.76,0
2165,1.64,0,1.376,0
17874,1.74,0,2.164,0
10361,0.7,0,0.872,0
6484,1.8,0,2.084,0
1754,2.06,0,1.736,0
8300,2.06,0,0.592,0
17655,3,0,2.224,0
781,1.48,0,1.648,0
2798,1.08,0,1.04,1.42
9863,0.84,0,1.1,0
4840,0.98,0,1.572,0.7
12709,1.14,0,1.372,0
2020,1.74,0,1.416,0
9530,1.46,0,1.54,0
4554,0.6,0,0.876,0.8
10552,1.08,0,1.108,0
14038,0.26,3.7,1.336,0.8
2506,0.7,0,1.46,0.2
6966,2.28,0,1.556,0
5692,2.96,0,1.808,0
7775,0.5,0,1.372,0
14629,0.64,0,0.836,0
13411,1.2,0,1.308,0
5258,1.44,0,1.54,0
12601,3.72,0,2.228,0
6341,0.72,0,1.5,0
6487,0.92,0,1.904,0
4455,1.5,0,1.356,0
18811,1.32,0,1.428,0
16727,1.24,0,1.492,0
10492,0.74,0,1.456,0
1332,1.16,0,1.692,0
15564,1.56,0,1.956,0
3250,1.18,0,1.244,0
17441,4.68,0,2.264,0
2163,0.98,0,1.3,0.2
11033,0.7,0,0.744,0
12776,1.54,0,2.176,0
3139,2,0,1.572,0.04
10093,0.84,0,1.024,0.66
5522,1.08,0,1.752,0
1671,1.02,0,1.508,0
8134,1.2,0,0.976,0
9911,1.64,0,1.096,0.24
9632,2.68,0,1.104,0
14902,2.16,0,1.004,1.58
3786,0.98,0,1.836,0.04
2716,2.6,0,1.74,0
9165,1.16,0,1.62,0
15705,0.58,0,0.748,0
12731,0.96,0,0.932,0
18917,1.38,0,1.96,0
14920,0.98,0.2,1.008,0.16
14817,2.66,0,1.852,0
18249,2.94,0,1.924,0
14302,1.6,0,2.296,0
13992,1.14,0,0.952,0
7226,2.98,0,2.668,0
18273,1.4,0,1.668,0
1463,0.4,0,1.328,0
17096,3.04,0,1.656,0
18061,2.96,0,2.212,0
11627,2.6,0,1.344,0.7
1416,1.76,0,1.728,0
4301,0.88,0,1.74,0
18546,0.52,0,1.412,0
14226,1.14,0,0.624,0
4982,1.1,0,1.08,0
4719,1.66,0,1.276,0.04
16414,1.86,0,1.684,0
7012,1.78,0,1.708,0
11910,0.94,0,1.008,0
9710,1.22,0,1.868,0
12793,0.46,0,1.604,0.24
11517,0.76,0,1.616,0.7
17673,1.86,0,2.3,0
13311,2.18,0,0.76,1.26
12855,0.98,0,1.376,0
17638,3.44,0,1.436,0
15194,1.08,0,0.916,0
2461,1.7,0,1.288,0
16322,1,0,1.468,0
2443,1.12,0,1.1,0
14732,0.96,0,1.312,0.6
12025,2.14,0,1.82,0.52
7397,1.54,0,1.316,0
2449,1.54,0,1.836,0
17307,3.12,0,2.24,0
14757,1.1,0,1.148,0
4848,0.36,0,1.476,0.76
14883,0.4,0,1.588,0
4146,1.16,0,1.308,0.38
5419,2.86,0,2.66,0
1217,1.14,0,2.084,0
14706,0.36,0,0.708,0
8781,1.02,0,1.208,0.5
8453,1.08,0,1.632,0
2740,1.52,0,1.372,0
16196,0.48,0,0.872,0.38
3076,1.34,0,1.124,0
8785,1.28,0,1.128,0
11478,1.72,0,1.08,0
5041,0.92,0,1.452,0
18447,1.3,0,1.54,0
13844,-0.06,4.4,1.048,0
17627,2.56,0,1.332,0
18174,2.14,0,2.748,0
2809,1.14,0,1.256,0
18334,2.08,0,1.264,0
8907,1.18,0,1.096,0
7828,0.94,0,1.564,0
9687,1.3,0,1.804,0
11396,2.7,0,0.792,0
15905,0.9,0,1.496,0.58
15233,1.06,0,1.436,0
13466,0.42,4,0.908,0
6154,2.68,0,2.468,0.16
18100,1.7,0,1.828,0
3794,2.98,0,1.916,0
8071,1.18,0,1.284,0
4814,1.6,0,1.536,0
8876,0.54,0,1.856,0
9916,1.16,0,1.14,0.14
10688,2.2,0,1.384,0
2340,0.8,0,1.412,0
1804,1.18,0,1.244,0
12151,1.02,0,1.076,0
11690,1.54,0,1.276,0.7
262,0.3,0,1.172,0
5585,1.4,0,1.772,0
2214,1.04,0,1.968,0
813,1.02,0,1.432,0
10467,0.74,0,1.368,0
76,1.56,0,1.064,0
10385,1.94,0,1.132,0
15250,1.08,0,0.64,0.86
17786,2.44,0,1.228,0
11830,0.74,0,1.424,0
17126,2.62,0,1.86,0
8111,1.34,0,1.612,0
2589,1.68,0,1.604,0
1741,2.3,0,1.388,0.2
4703,0.52,0,1.136,0.26
18908,2.7,0,2.064,0
12130,0.78,0,0.968,0
12584,1.32,0,1.28,0
5288,0.52,2.9,1.324,0.04
18020,1.6,0,1.764,0
16410,2.48,0,2.252,0
8839,1.68,0,1.432,0
8079,1.6,0,1.42,0.68
17184,3.78,0,3.896,0
7583,1.48,0,2.336,0
8363,1.4,0,1.388,0
14488,0.96,0,1.268,0
8012,0.94,0,2.452,0
1787,1.4,0,2.152,0
7900,2.12,0,2.304,0
917,2.58,0,1.828,0
6708,0.6,0,1.584,0
17228,2.24,0,1.904,0
6528,2.88,0,2.008,0
14439,1.06,0,1.316,0.7
17437,1.76,0.2,1.696,0
14291,0.72,0,1.224,0
7942,3.36,0,1.424,0
9124,0.54,0,1.132,0
2788,0.94,0,0.896,0
12354,0.4,0,1.708,0
2568,0.7,0,1.12,0
9703,0.82,0,1.26,0
689,1.9,0,1.44,0
3915,1.96,0,1.588,0
7080,0.98,0,1.936,0
8905,0.74,2.5,1.484,0
6370,0.72,2.4,1.42,0
5079,2.26,0,2.152,0
6962,1.62,0,1.38,0
7675,0.76,0,1.124,0
1964,2.12,0,1.092,0
9476,0.32,0.9,0.516,0.36
3543,0.6,3.2,1.508,0
9328,1.22,0,1.12,0.38
193,1.6,0,1.816,0
567,0.1,1.4,1.264,0
12817,0.9,0,0.992,0
6697,2,0,1.464,0
6011,0.3,0,1.36,0
11622,1.3,0,1.964,0
4518,1.66,0,2.496,0
11092,1.18,0,0.964,0
1596,0.96,0,1.688,0
7504,3.6,0,2.5,0
10720,1.34,0,1.624,0
4124,3.52,0,2.016,0
12127,0.94,0,1.364,0
15620,1.56,0,1.452,0
4379,0.9,0,1.616,0
9114,1.62,0,1.668,0
5500,2.14,0,1.94,0
14026,1.02,0,1,0
11796,0.04,0,1.684,0
6105,1.64,0,1.684,0
10484,0.98,0,1.116,0.66
5274,1.42,0,1.24,0.04
14296,0.52,0,1.02,0.18
1401,0.94,0,1.312,0
8125,1.34,0,1.372,0
7448,2.34,0,1.956,0
15982,1.28,0,2.24,0
2073,0.82,3.1,1.388,0
1122,1.46,0,1.588,0
18539,3.24,0,1.86,0
10091,1.68,0,1.152,0
16919,1.6,0,1.388,0.22
17633,1.22,0,1.876,0.04
15407,0.76,0,0.972,0
203,1.52,0,1.46,0.2
2683,1.62,0,2.496,0
7706,1.7,0,1.732,0
558,1.7,0,1.372,0
17077,4.24,0,1.996,0
10321,1.46,0,1.212,0
1060,1.82,0,1.272,0.12
15045,1.86,0,2.296,0
18244,2.76,0,2.7,0
10456,1.34,0,1.12,0
6784,3.48,0,2.484,0
16863,2.6,0,2.8,0
16421,1.44,0,1.72,0
7908,1.4,0,1.468,0
10435,2.48,0,1.56,0.42
2209,1.32,0,0.772,0.74
934,0.56,0,1.26,0.54
3950,1.24,0,1.26,0
18804,1.38,0,1.36,0
14584,2.76,0,1.196,0
7591,1.72,0,1.6,0
1983,1.76,0,1.184,0
17522,1.94,0,1.808,0
14471,1.86,0,1.9,0
3852,1.72,0,1.18,0
14917,1.04,0,1.464,0
4424,1.22,0,1.264,1.04
16374,1.24,0,1.176,0
6696,2.18,0,1.916,0
698,1.02,0,1.284,0
197,2.14,0,1.42,0
9433,2.98,0,1.024,0
3291,0.74,0,1.22,0
9435,1.48,0,1.424,0
2339,1.98,0,1.712,0
586,0.9,0,1.328,0.4
333,1.22,0,1.564,0
18274,3.06,0,1.784,0
13181,1.4,0,1.108,0
16260,2.5,0,1.312,0
4100,2.28,0,1.748,0
17987,1.4,0,1.176,0
16436,2.68,0,2.308,0
195,0.74,0,1.464,0
3675,0.22,0,1.288,0
5630,0.36,0,2.168,0
17872,1.98,0,1.872,0
14677,1.42,0,0.8,0
14690,1.7,0,1.472,0
8623,1.66,0,1.076,0
16216,1.3,0,1.86,0
15647,2.9,0,1.956,0
2228,0.96,0,1.06,1.26
17071,2.62,0,2.808,0
18664,4.12,0,1.912,0
16861,1.06,0,1.928,0
7814,2.1,0,1.728,0
12421,1.52,0,0.996,0.3
8405,1.34,0,2.968,0
14716,1.14,0,1.14,0
11553,2.02,0,0.952,0
16616,2.42,0,2.72,0
691,0.94,0,1.368,0
4151,2.1,0,1.448,0
18685,2.06,0,2.276,0
13649,0.16,0,0.824,0
18385,1.28,0,1.608,0
10642,1.44,0,1.6,0
10417,0.96,0,1.484,0
13916,-0.04,4.3,1.076,0
11067,2.34,0,1.156,0
5436,1.4,0,1.076,0
2771,0.72,0,1.004,0
204,2.82,0,1.468,0
12484,1.98,0,1.116,0
92,1.64,0,2.048,0
51,1.6,0,1.464,0
8605,1.02,0,1.4,0.22
13677,1,0,1.444,0.16
4276,1.58,0,1.04,0.36
6751,2.78,0,1.348,0
9543,1.72,0,1.54,0
6731,1.4,0,2.248,0
13299,2.16,0,1.236,0
4654,1.04,0,1.312,0
13725,1,0,0.956,0
278,1.62,0,1.016,0
14448,0.52,0,0.808,0
1576,3.48,0,1.44,0
4265,0.56,0,0.792,0
16469,2.74,0,2.532,0
18303,1.76,0,1.576,0
14818,1.22,0,1.108,0.48
13648,0.9,0,1.548,0.92
5336,1.3,0,1.056,0
13643,0.9,0,0.588,0.14
3297,0.56,0,0.82,0
16627,1.96,0,1.748,0
14250,0.78,0,1.532,0
17413,1.5,0,2.108,0
9125,0.9,0,1.02,0.36
15791,1.96,0,0.988,0
7621,1.8,0,1.268,0
4529,1.84,0,1.316,0.46
18900,1.74,0,2.168,0
3069,1.04,0,1.196,0
10587,1.06,0,1.4,0
15043,1,0,1.324,0.16
43,0.18,0,1.3,0
18052,1.86,0,1.628,0
2749,1.2,0,1.412,0
16525,1.94,0,2.456,0
4570,1.96,0,1.404,0
11366,1.48,0,0.924,0
2045,1.16,0,2.088,0
11939,0.98,0,1.208,0.3
5272,1.36,0,1.836,0
18806,3.04,0,2.02,0
9300,0.66,0,0.988,0
3956,1.8,0,1.192,0
8842,0.9,0,1.152,0.5
2983,1.06,0,1.74,0
1382,1,0,1.492,0.2
13189,1.66,0,1.852,0
16397,0.82,0,0.976,0.12
490,1.22,0,1.508,0
16140,1.66,0,0.888,1.92
205,1.12,0,0.784,0.54
2631,1.18,0,1.472,0
17106,1.44,0,1.472,0
15923,-0.24,0,2.144,0
14662,0.64,0,1.4,0.28
15870,1.32,0,2.236,0
5671,1.06,0,1.356,0
16005,0.28,1.9,1.048,0
4746,1.44,0,1.184,0
13141,1.44,0,1.424,0
6328,0.62,0,1.8,0
3141,1.12,0,1.408,0
3246,1.08,0,1.404,0
3800,2.16,0,1.684,0
4036,1.22,0,0.908,0
7915,1,0,1.36,0
3875,1.74,0,1.916,0
14466,0.54,3.4,1.156,0.14
15524,2.7,0,2.112,0
5791,1.56,0,1.504,0
14193,0.54,0,0.64,1.48
16361,2.38,0,2.66,0
9642,0.92,0,1.504,0
18695,1.52,0,1.732,0
5014,1.42,0,1.176,0.46
12572,0.86,0,0.86,0.78
4460,0.78,0,1.932,0.72
13812,0.78,0,0.948,0
2503,1.46,0,1.748,0.56
1639,0.72,0,1.288,0.74
902,0.72,0,0.9,0
13364,2.28,0,1.844,0
15969,0.44,0,0.796,0
8615,1.16,0,0.944,0.66
15134,2.02,0,1.02,0
683,1.32,0,1.108,0.2
16976,1.92,0,1.796,0
6563,1.62,0,1.864,0.18
12975,0.46,6.6,1.432,1.12
5146,1.48,0,1.24,0.46
18789,1.6,0,1.696,0
18474,1.36,0,3.176,0
5009,2.42,0,1.184,0
1553,1.1,0,0.7,0
11052,0.88,0,1.864,0
5825,1.62,0,1.608,0
18004,1.3,0,1.772,0
8881,0.9,0,1.572,0
11814,1.32,0,1.164,0
8910,1.46,0,1.628,0
17252,1.78,0,1.588,0
18340,2.56,0,2.4,0
16049,1.08,0,0.824,1.38
18692,1.18,0,1.244,0
4768,2.02,0,1.332,0
10639,0.7,0,1.524,0
3882,1.32,0,0.828,0.32
14202,0.86,0,1.604,0.92
1930,1.36,0,1.356,0
5234,1.72,0,1.196,0
10452,0.9,0,1.14,0
4716,2.4,0,1.456,0
3314,1.8,0,1.468,0
11520,1.04,0,1.32,0
9526,0.4,0,1.288,0
9078,1,0,1.204,0
5739,2.04,0,1.876,0
1288,0.62,0,1.036,0.54
11228,2.14,0,1.556,0
17569,2.88,0,2.524,0
12687,0.58,0,0.828,0
2615,3.04,0,1.832,0.64
8382,1.44,0,0.996,0
15869,1.18,0,0.816,1.06
16532,1.74,0,2,0
860,0.96,0,1.664,0
8789,1.74,0.2,1.644,0.28
7132,0.86,0,1.864,0
10332,1.18,0,0.516,0.36
9805,2.06,0,1.088,0
11780,2.64,0,1.108,0.62
17510,1.62,0,1.992,0
5643,1.52,0,1.496,0
16510,1.2,0,1.052,0
5354,0.88,0,1.868,0
3842,1.16,0,1.104,0
9026,3.5,0,1.14,0
1474,0.7,0,1.356,0.2
11140,0.86,0,0.928,0
9003,0.98,0,0.932,0.36
1451,1.48,0,1.52,0
6773,1.4,0,1.004,0
3946,1.48,0,1.916,0
18150,3.5,0,3.056,0
1775,1.04,0,1.956,0
275,0.84,0,1.788,0
8877,1.88,0,1.408,0
6899,0.88,0,1.672,0
8638,1.2,0,1.704,0
891,1.48,0,1.6,0
16668,1.14,0,2.148,0
8005,1.62,0,2.036,0
1454,0.84,0,1.664,0
12369,1,0,0.852,0
10645,1.36,0,1.14,0
5977,1.28,0,1.036,0
869,0.92,0,1.384,0.32
1644,1.44,0,1.944,0
6688,1.52,0,1.5,0
11125,1.16,3.5,1.436,0
415,1.06,0,0.756,0
2414,2.66,0,1.472,0
16986,2.1,0,1.84,0
12218,1.22,0,1.04,0
13820,1.56,0,1.12,0
3958,3.42,0,1.636,0
10858,1.32,0,1.776,0
6325,1.6,0,1.396,0
3061,1.56,0,0.972,0
4010,1.5,0,1.304,0.04
2914,1.18,0,0.896,0
14627,2,0,0.848,0.48
18404,1.7,0,2.552,0
12378,1.5,0,0.98,0
11862,0.84,0,1.436,0
13894,0.68,0,0.952,0.74
15927,2.32,0,1.38,0
16803,1.5,0,0.98,0
18083,1.72,0,1.928,0
9721,1.58,0,0.912,0
18508,1.96,0,2.164,0
10698,2.5,0,1.26,0
6793,0.8,0,2.012,0
5718,2.64,0,1.76,0
18802,4.44,0,2.508,0
7723,2.04,0,2.524,0
6114,1.06,0,1.512,0
8932,0.92,0,2.116,0
11320,0.64,0,1.484,0
17372,0.64,0,1.008,0.1
3526,1.12,0,1.412,0
12402,1.04,0,1.204,0
7560,2.04,0,2.032,0
4805,2.08,0,2.008,0
7830,0.74,0,1.6,0.18
17023,2.5,0,1.956,0
371,1.22,0,1.864,0
17896,1.42,0,1.252,0
14367,0.4,0,0.708,0
13384,0.92,0,1.544,0
9028,1.7,0,1.26,0.66
9039,1.72,0,1.276,0
16457,2.22,0,2.524,0
15100,0.62,0,0.788,0.94
2951,2.4,0,1.836,0
18432,2.3,0,1.876,0
9256,0.74,0,1.008,0.66
9195,1.1,0,1.148,0
18533,1.5,0,1.4,0
12642,1.16,0,1.756,0
9150,1,0,1.016,0
8131,1.6,0,1.868,0
3190,1.98,0,1.628,0
113,2.1,0,2.008,0
8006,2.48,0,1.804,0
14480,0.72,0,0.856,1.66
5968,0.66,0,0.828,0
216,1.6,0,1.832,0
3712,0.84,0,1.076,0
14787,0.2,0,0.964,0
6482,1.98,0,1.5,0
11482,0.68,0,1.408,0
14730,2.1,0,1.56,0
11299,1.68,0,1.796,0
3537,0.32,0,1.204,0.28
4075,2.08,0,1.436,0
1668,1.32,0,1.932,0
18164,2.82,0,2.192,0
349,1.04,0,0.972,0.4
9000,3.82,0,1.172,0
12827,1.46,0,1.828,0
8168,1.28,0,0.96,0.66
1944,1.44,0,1.752,0
464,2.24,0,1.568,0
6187,3.34,0,2.184,0
15461,-0.2,0,0.704,0.48
13833,1.06,0,1.452,0
11435,1.08,0,1.612,0.7
8670,1.26,0,1.48,0
1749,1.48,0,1.464,0
10814,1.06,2.2,0.948,0.66
835,0.96,0,1.428,0
17383,1.48,0,1.876,0
15386,1,0,1.644,0
505,1.48,0,1.328,0
14803,0.16,0,1.068,0.44
11247,1.36,0,1.228,0
1412,0.48,0,1.992,0
13240,0.78,0,1.276,0.7
18279,1.76,0,1.96,0
6407,0.5,0,1.32,0
4696,1.6,0,1.788,0
7589,1.96,0,2.044,0
14328,1.2,0,1.464,0
8010,1.2,0,1.644,0
6768,3.04,0,2.58,0
17249,1.7,0,1.88,0
12221,1.66,0,1.088,0
11351,1.92,0,1.312,0.3
15290,0.88,0,0.94,0
846,1.1,0,1.632,0
851,1.98,0,1.588,0
15953,2.24,0,1.456,0
12164,1.86,0,0.724,0
11987,2.1,0,0.972,0.2
740,1.24,0,2.616,0
6313,3.54,0,1.832,0
3339,1.4,0,2.196,0
17073,1.22,0,1.932,0
10541,1.14,0,1.184,0.66
12995,0.82,0,1.368,0
14538,1.42,0,1.048,0
5915,1.44,0,2.028,0
10459,0.38,0,0.868,0
11130,0.82,0,1.168,0.3
18272,1.66,0,1.296,0
18045,2.58,0,1.452,0
4677,1.44,0,1.116,0.04
6390,0.46,0,0.956,0
144,1.64,0,1.972,0
10517,0.9,0,1.488,0
5989,3.34,0,1.78,0
12722,1.08,0,1.08,0
13499,0.5,0,1.412,0
4676,1.46,0,1.22,0
4204,1.48,0,0.824,0.34
4574,0.8,0,1.04,0
10947,1.66,0,1.616,0
1021,0.72,0,1.716,0
2468,1.08,0,0.956,0.74
10991,0.36,0,1.26,0
110,1.82,0,2.016,0
2860,1.92,0,1.528,0
10431,0.88,0,1.132,0.36
11138,0.82,0,1.068,0
454,1.68,0,1.584,0
17109,1.06,0,1.632,0
9949,1.2,0,1.14,0
7662,1.52,0,1.604,0
1509,1.7,0,1.848,0
4330,2.26,0,1.836,0
2837,2.26,0,1.792,0
1403,1.34,0,1.516,0
3322,3.1,0,1.38,0
5579,1.6,0,1.544,0
297,0.54,0,1,1.26
12406,0.96,0,1.312,0
2861,1.46,0,1.076,0
15221,1.32,0,1.48,0
6307,2.22,0,1.908,0
4627,1.46,0,1.228,0
14017,1.08,0,0.752,0.84
504,0.48,0,1.096,0
5003,1.46,0,1.088,0
15189,1.58,0,1.296,0
1970,1.74,0,1.788,0
6742,1.98,0,2.104,0
14653,0.92,0,1.44,0.16
4879,1.44,0,1.512,0
1251,0.76,0,1.776,0
17214,1.66,0,1.58,0.22
7440,3.74,0,2.472,0
3676,1.22,0,0.884,0.34
18089,1.9,0,2.2,0
4027,0.68,0,1.732,0
3128,1.72,0,2.52,0
16885,2.12,0,1.824,0
1691,1.96,0,1.78,0
18384,1.58,0,1.124,0
12265,0.96,0,1.108,0
4285,0.64,0,1.152,1.06
10504,1.4,0,1.32,0
16039,0.54,0,1.18,0
13454,2.58,0,0.504,0.78
14536,0.4,0,1.692,0
9040,1.14,0,0.972,0
4631,4.06,0,1.66,0
4407,1.54,0,1.28,0
174,1.74,0,1.972,0
7531,1.72,0,1.408,0
6420,1.6,0,1.684,0
5618,0.36,2,1.628,0
15788,1.7,0,1.652,0
6130,1.4,0,1.952,0
11880,0.9,0,1.024,0.38
6349,2.62,0,2.38,0
17148,2,0,1.956,0
7294,1.34,0,1.496,0
958,3.86,0,1.88,0
5536,2.6,0,1.592,0.58
9613,0.9,0,1.028,0.66
3844,0.84,0,1.06,0.68
11407,1.1,0,1.34,0.58
10850,2.5,0,1.476,0
496,0.08,0,2.264,0
4182,1.78,0,1.556,0
6246,1.8,0,1.656,0
10825,0.72,0,1.844,0
13076,2.12,0,0.88,0
4076,1.44,0,1.9,0.18
670,1.88,0,1.968,0
3963,1.44,0,1.684,0
10363,1.4,0,2.256,0
5658,1.38,0,1.496,0
6820,2.6,0,1.856,0
15369,1.6,0,1.096,0.74
7539,1.14,0,1.512,0
9634,0.6,0,1.304,0.66
17795,2.06,0,1.46,0
9685,1.52,0,1.432,0
16890,1.36,0,1.676,0
18585,2.08,0,1.652,0
7566,1.94,0,1.792,0
10369,1.04,0,1.036,0
10112,1.58,0,1.244,0
16106,0.92,0,2.116,0
16370,2.82,0,2.94,0
1690,1.02,0,1.572,0
8561,1.6,0,1.176,0
11348,1.18,0,1.016,1
16596,2.4,0,1.94,0
12773,0.9,0,1.084,0
11338,1.48,0,0.816,0
11181,1.8,0,0.752,0
654,0.3,2.5,1.932,0
1189,1.42,0,1.616,0
2924,1.38,0,1.164,0
6639,0.52,0,1.932,0
8174,2.16,0,1.48,0.3
10421,3.22,0,2.336,0
241,1.44,0,1.164,0
12250,0.6,0,1.44,0
17834,2.06,0,2.164,0
18446,3.06,0,2.78,0
811,1.42,0,1.388,0.2
11853,2,0,0.96,0
8477,1.56,0,1.344,0
4546,1.22,0,1.852,0
4661,1.76,0,1.236,0
18197,1.16,0,1.484,0.36
10710,1.22,0,1.204,0
9497,1.1,0,1.444,0
4839,1.28,0,1.784,0
13137,1.02,0,0.784,0
9069,0.88,0,1.06,0
3544,2.4,0,2.18,0.1
17574,1.46,0,1.008,0
2956,0.92,0,1.712,0
1316,1.46,0,2.048,0
10640,0.72,0,1.388,0.5
11734,1.68,0,1.308,0
2998,0.64,1.1,1.432,0
8994,1.16,1,1.356,0.66
8421,1.44,0,1.248,0
7107,1.1,0,1.84,0
173,1.98,0,1.752,0
10724,0.56,0,1.364,0
17011,1.68,0,1.788,0
8925,1.08,0,1.088,0
417,0.78,0,1.104,0.3
14263,1.76,0,1.648,0
9975,3.72,0,1.144,0
2364,1.04,0,1.588,0
18926,2.78,0,1.856,0
10922,1.62,0,1.628,0
4376,3.18,0,1.716,0.46
14178,1.18,0,1.672,0
4162,1.22,0,0.936,0
75,1.36,0,1.08,0
1627,2.28,0,1.332,0
3682,1.9,0,1.832,0
3711,0.86,0,1.844,0
3274,1.7,0,0.644,0
16531,1.14,0,1.624,0
942,0.26,0,1.092,0
4597,1.3,0,1.408,0
18628,2.14,0,1.676,0
16241,1.06,0.2,1.768,0
13832,2.58,0,0.868,0.34
6774,1.46,0,1.548,0
4926,1.06,0,1.556,0
18560,3.4,0,1.508,0
6283,1.48,0,1.924,0
16749,2.56,0,2.14,0
7695,1.1,0,1.536,0
7392,1.24,0,0.956,0.32
2755,2.16,0,1.328,0
16225,2.36,0,2.664,0
1428,1.78,0,1.912,0
86,1.4,0,1.672,0
6969,1.94,0,1.856,0
13230,0.92,0,0.632,0
7339,1.32,0,2.012,0
9283,1.12,0,0.976,0
2915,2.14,0,1.504,0
9822,1.4,0,1.236,0
4567,1.62,0,0.776,0.46
6862,1.58,0,1.836,0
3067,1.3,0,1.448,0
10167,1.8,0,0.944,0
2008,1.22,0,1.176,0
14436,2.3,0,1.632,1.28
16244,3.06,0,3.352,0
5850,2.72,0,1.604,0
5992,1.88,0,1.664,0
579,1.66,0,1.648,0
12287,1.64,0,0.844,0
4316,1.7,0,1.708,0
1626,0.7,0,0.92,0
5022,1.44,0,1.248,0
18669,3.12,0,2.152,0
16581,1.68,0,1.516,0
7503,1.42,0,1.728,0
2161,1.92,0,1.88,0
12841,0.24,0,1.344,0
578,0.66,2.6,1.028,0.52
663,1.52,0,2.044,0
9670,1.52,0,1.372,0.22
1560,2.32,0,1.524,0
13217,1.14,0,1.388,0.7
9230,0.64,0,1.24,0.36
9273,1.54,0,1.236,0
2678,1.16,0,1.196,0
9669,1.32,0,1.18,0
2840,1.02,0,2.14,0
5078,1.42,0,1.236,0.1
1734,0.36,0,0.868,0.54
8950,1,0,1.504,0.5
18764,1.36,0,1.928,0
14713,0.88,0,0.988,0
13968,0.74,0,0.868,0.34
4332,1.12,0,1.08,0
5216,2.44,0,1.672,0
6513,3.04,0,2.224,0
1591,2.82,0,1.556,0
2538,0.9,0,1.896,0
4394,1.34,0,1.464,0
18866,1.7,0,1.368,0
11833,1.16,0,0.76,0
9137,1.62,0,1.22,0
9062,1.38,0,1.972,0
6250,2.26,0.5,1.54,0
7573,1.26,0,1.628,0
7727,2.64,0,2.816,0
844,1.68,0,1.96,0
15287,0.82,0,1.864,0
6947,1,0,2.148,0
17189,2.16,0,1.604,0
8601,1.32,0,1.12,0
7244,3.4,0,1.956,0
4127,1.08,0,2.056,0
15244,1.84,0,1.604,0
12283,1.2,0,0.808,0
12866,0.34,0,1.08,0
12419,1.42,0,1.668,0
4577,0.4,2.1,1.028,0.36
3577,0.76,0,1.06,0.04
6082,2.5,0,1.992,0
7905,1.18,0,1.388,0
18178,1.98,0,2.096,0
633,3.44,0,2.112,0
14101,1.98,0,0.976,0
12837,0.8,0,1.412,0
14096,1.32,0,1.16,0
4277,3.26,0,2.124,0
4299,1.32,0,1.596,0
6141,0.4,2.3,1.352,0.34
7197,1.2,0,2.54,0
8973,0.8,0,1.712,0.66
4651,0.42,1.7,1.304,0
1297,1.84,0,1.396,0
3430,1.82,0,1.092,0
12688,1.8,0,1.572,0
16191,2.38,0,2.056,0
16089,0.62,0,1.344,0
7981,2.66,0,1.148,0
11557,2.02,0,1.168,0.3
5387,1.24,0,1.372,0
978,1.48,0,1.692,0
7323,1.56,0,1.384,0
1894,1.56,0,0.984,0.46
3249,2.46,0,1.284,0
6171,1.64,0,1.684,0
13908,1.06,0,1.124,0.92
4973,4.04,0,1.924,0
142,1.92,0,1.088,0
1371,0.76,0,1.096,0.2
15848,1.16,0,2.028,0
4228,1.68,0,1.692,0
17024,2.8,0,2.572,0
18699,1.72,0,1.344,0
11917,0.7,0,1.128,0
3723,1.72,0,1.92,0
8223,1.1,0,0.74,0
12507,0.7,0,1.42,0
16888,0.82,0,1.36,0
18098,1.18,0,1.616,0
11885,1.3,0,0.668,0.22
4440,1.06,0,1.008,0
11143,1.54,0,2.048,0
18254,1.46,0,1.92,0
5118,2.16,0,1.172,0
18851,3.58,0,2.372,0
15172,0.68,0,1.444,0
7024,1.74,0,1.72,0
12121,0.76,0,0.992,0
315,1,0,1.532,0.54
14890,1.18,0,1.324,0
5852,2.22,0,2.208,0
9772,1.76,0,0.876,0.36
14462,2.3,0,1.804,1.92
9054,1.28,0,1.4,0.54
4352,1.46,0,1.508,0
4589,2.16,0,1.228,0.46
1426,3,0,1.748,0
4754,2.9,0,2.324,0
10306,1.84,0,1.336,0
6659,1.04,0,1.036,0
12686,0.9,0,1.2,0
7490,1.74,0,1.5,0
5256,1.6,0,1.596,0
12527,0.8,0,1.488,0
12,0.52,0,1.068,0
2226,0.2,0,1.292,0
12137,2.38,0,0.9,0
16784,3.54,0,2.132,0
11741,1.46,0,1.212,0
4271,1.56,0,1.256,0
7151,2.94,0,1.936,0
8314,0.96,0,0.904,0.3
14835,1.18,0,0.928,0.94
13673,1.88,0,2.032,0
1394,0.94,0,0.944,0.14
5468,1.92,0,2.464,0
7715,1.5,0,2.196,0
16382,1.92,0,1.78,0
16920,0.62,0,1.308,0
14032,2.36,0,1.496,0
3684,0.38,3.4,1.636,0
1067,1.86,0,2.008,0
8441,0.52,0,1.196,0
1141,2.3,0,1.52,0
13563,1.36,0,1.04,0
3838,2.22,0,1.224,0.68
15506,0.98,0,1.352,0
8480,1.14,0,0.988,0
3217,1.62,0,2.204,0
3770,0.72,0,0.688,0
4843,1.38,0,1.016,0
5220,1.78,0,0.892,0
14778,1.48,0,1.184,0
13830,1.42,0,2.34,0.26
2778,1.3,0,1.024,0
5326,3.48,0,2.456,0
6121,1.22,0,1.644,0
7579,0.8,0,1.84,0
3994,3.04,0,1.752,0
18253,1.96,0,2.16,0
12570,1.36,0,1.236,0
6974,1.6,0,1.788,0
2923,1.48,0,0.824,0
611,0.46,0,1.196,0.2
15420,1.62,0,1.652,0
6909,2.62,0,2.304,0
16095,1.58,0,1.436,0
8110,1.2,0,1.3,0
15052,1.24,0,1.536,0
3326,0.7,0,2.092,0
6543,1.2,0,1.704,0
5023,1.74,0,1.304,0
6519,0.42,0,0.732,0
14220,1.82,0,2.216,0
8598,4.06,0,2.104,0
3018,1.18,0,1.588,0
5624,0.98,0,1.756,0
12267,1.42,0,1.36,0.24
7396,1.26,0,1.46,0
7801,1.14,0,1.508,0
10700,1.56,0,1.424,0
5235,2.12,0,1.868,0
12271,1.56,0,1.528,0
12599,0.76,0,1.152,0.3
3953,1.46,0,0.66,0
6611,1.18,0,1.84,0
9286,1.62,0,2.26,0
5367,1.74,0,1.48,0
14399,-0.32,0,1.284,0.14
12241,1.28,0,1.264,0.3
12255,0.7,0,1.488,0
13699,0.44,0,2.056,0
16977,1.88,0,1.5,0
1982,0.56,0,1.544,0
14546,1.5,0,1.64,0
13961,1.28,0,0.872,0.38
12281,1.08,0,1.064,0
6461,1.42,0,1.216,0
16330,1.72,0,1.416,0
7881,0.54,0,1.328,0
11511,0.04,0,1.272,0
17650,1.6,0,1.652,0
8553,1.14,0,1.216,0
3452,1.8,0,1.076,0.18
7822,2.28,0.7,2.204,0
1172,0.16,0,1.944,0.12
14702,2.46,0,0.84,0
16731,1.5,0,1.704,0
12757,0.18,0,1.82,0.7
15548,1.32,0,1.44,0.68
12343,1.1,0,0.7,0
4874,2.14,0,0.788,0
9558,0.72,0,0.94,0
8255,0.56,0,2.248,0
6084,1.42,0,0.96,0
60,1.22,0,1.056,0
10622,1.86,0,2.464,0
14918,0.54,0,0.772,0.8
4785,1.28,0,0.912,1
16545,2.06,0,1.564,0
7160,2.2,0,2.056,0
17530,1.68,0,1.728,0
17293,2.66,0,3.028,0
5878,1.86,0,1.824,0
3112,1.7,0,1.324,0.04
3096,2.34,0,1.728,0
14510,0.46,3.8,1.336,1.48
14647,1.08,0,1.308,0
4744,1.26,0,2.4,0
5608,0.52,0,1.54,0
14743,0.76,0,0.756,0.88
7435,2.18,0,2.06,0
4303,1.08,0,1.672,0
16298,1.08,0,1.492,0.18
3780,0.96,0,2.288,0
1630,1.58,0,1.944,0
6988,0.94,0,1.468,0
8595,0.8,1.3,1.608,0
15606,1.2,0,1.476,0.92
5709,0.82,0,1.252,0
14771,2.36,0,1.408,0
14769,2.66,0,1.104,0
699,2.5,0,1.228,0
15187,2.14,0,1.02,0.86
17430,3.04,0,2.652,0
6880,0.74,0,1.336,0
4804,1.94,0,1.364,0
17158,2.62,0,2.108,0
9589,1.38,1.1,1.804,0
7876,1.7,0,1.776,0
1953,1.38,0,1.676,0
16797,1.84,0,2.068,0
7316,2.22,0,2.336,0
12022,2.34,0,1.488,0
8898,0.82,0,0.976,0
16910,1.02,0,1.904,0
6139,0.14,2.5,0.772,0
9019,1.1,0,0.784,0.66
2315,1.08,0,1.128,0.2
15367,0.42,0,0.788,0
6263,1.68,0,1.468,0
5395,2.68,0,1.668,0
1679,2.3,0,1.352,0
14244,1.32,0,1.048,0.04
13027,0.92,0,1.148,0
395,1.56,0,1.156,0
3867,0.88,0,1.188,0
6821,0.98,0,0.848,0
15740,1.52,0,1.464,0
7461,0.5,1.2,1.18,0
18327,1.64,0,2.46,0
17373,1.68,0,3.048,0
3814,2.02,0,2.192,0
10065,0.74,0.8,1.26,0.66
3654,3.06,0,1.628,0
7719,1.6,0,1.356,0
17069,1.9,0,1.42,0
9976,1.28,0,1.388,0
4473,1.38,0,2.344,0
17855,1.22,0,1.028,0.92
5819,1.08,0,1.896,0
18308,2.12,0,1.916,0
7913,2.8,0,1.948,0
322,1.38,0,1.236,0.52
18271,1.44,0,1.528,0
1838,0.42,4.5,1.872,0
2168,0.98,1.1,0.936,1.22
11192,0.86,3.8,1.684,0.94
18092,1.68,0,1.94,0
12970,2.68,0,1.504,0.94
3048,1.04,0,1.128,0
15681,2.86,0,2.364,0
4462,1.68,0,0.912,0
4581,0.76,0,1.324,0
11512,0.38,0,1.264,0
2672,1.26,0,1.6,0
18587,1.78,0,2.1,0
15093,1.8,0,2.216,0
13352,1.16,0,1.82,0
11025,0.88,0,1.28,0
3527,1.36,0,1.728,0
7438,1.86,0,1.612,0
12437,1.08,0,1.28,0
18170,1.22,0,0.948,0
16482,3.82,0,3.076,0
3697,1.1,0,0.968,0
2404,1.24,0,1.76,0.74
16925,1.82,0,1.896,0
3731,0.72,0,1.336,0
6507,3.28,0,1.672,0
3162,1.3,0,1.792,0
3497,1.02,0,1.108,0.62
7033,1.8,0,1.264,0.54
16790,1.42,0,1.488,0
10696,2.6,0,3.132,0
15887,1.2,0,1.092,0.3
1448,1,0,1.34,0
18085,2.48,0,2.84,0
11875,1.16,0,1.112,0
3222,1.2,0,1.392,0
12409,0.92,0,1.368,0
10661,1.28,0,1.22,0
2848,1.32,0,1.244,0
631,1.24,0,1.188,0
12144,1.26,0,1.336,0
14053,0.8,0,0.924,0
12884,0.98,0,1.872,0
10289,0.96,0,1.164,0
12699,0.9,0,1.26,0
7743,1.62,0,1.16,0
4513,2.14,0,1.868,0
13433,1.16,0,1.144,0
2366,0.4,1.8,1.22,0
16566,1.4,0,2.02,0
12441,2.68,0,1.764,0
17918,2.02,0,1.768,0
12365,1.9,0,0.964,0
11725,2.16,0,0.976,0
15535,2.14,0,2.028,0
12478,1.36,5,1.708,0.7
8113,1.34,0,1.22,0
4317,0.98,0,1.112,0
1800,1.32,0,2.1,0
16766,1.66,0,1.488,0
15323,0.82,0,1.536,0
5172,1.1,0,0.884,0
16058,2.16,0,0.88,0
3327,1.54,0,1.244,0
5933,0.56,0,1.36,0
17791,2.46,0,1.928,0
15625,1.08,0,0.62,0
12103,1.48,0,1.34,0
5323,2.28,0,2.204,0
9525,0.82,0,0.96,0.66
18222,1.42,0,2.484,0
3738,0.86,0,1.348,0
14036,0.06,0,1.104,0
15435,1.5,0,1.14,0
16680,2.96,0,1.86,0
10896,1.7,0,1.32,0
17524,1.44,0,1.764,0
16401,1.62,0,1.324,0
342,0.5,0,1.916,0
11983,1.08,0,1.512,0
3615,1.38,0,2.668,0
13562,0.54,0,1.052,0
11267,1.2,0,1.296,0
12212,1.92,0,1.512,0.24
11113,0.96,0,1.008,0.76
8733,0.9,0,1.312,0
16177,0.64,1.2,1.172,0.16
13665,0.68,0,1.856,0
1499,0.76,0,1.6,0
18865,1.98,0,1.904,0
13596,1.56,0,2.632,0
6594,1.26,0,1.444,0
1398,1.16,0,1.12,0.2
745,1.5,0,1.916,0
3911,1.3,0,1.268,0
13369,0.54,0,1.076,0
17507,0.98,0,1.948,0
15991,2.64,0,1.6,0
10079,1.3,0,1.524,0
1303,2.4,0,1.212,0.74
14111,1.64,0,1.756,0
9914,2.54,0,1.168,0
416,1.5,0,1.468,0
5826,0.88,0,0.916,0.64
7356,1.28,0,1.792,0
1714,0.86,0,1.372,0.52
15841,1.32,0,1.368,0
12874,1.68,0,0.832,0
18456,2.56,0,3.32,0
14482,0.26,0,0.632,0.8
13838,0.56,3.5,0.896,0.1
2941,0.72,0,0.852,0.56
13006,1.22,0,0.9,0
9472,1.2,0,0.86,0
5074,1.12,0,1.252,0.46
15989,-0.1,0,0.964,0
7937,1.78,0,1.768,0
12102,0.6,0,1.708,0
13615,0.6,0,0.824,0.16
14138,0.98,0,2.14,0
14322,0.2,4,0.688,0.6
2954,1.06,0,1.288,0.18
9605,1.6,0,1.092,0
3006,0.84,0,1.18,0
7947,2.6,0,1.832,0
2149,2.06,0,1.62,0
1395,1.34,0,1.58,0
12654,1.24,0,1.136,0
5960,2.02,0,1.516,0
7208,0.96,0,0.984,0
11263,0.68,0,1.228,0
18827,1.82,0,2.04,0
14838,1.14,0,1.84,0
9375,0.54,0,1.32,0
15518,0.9,0,1.04,0
2263,0.84,0,1.464,0.74
9110,1.26,0,1.208,0
9604,0.62,0,1.468,0
4203,0.86,0,0.9,0.92
3479,2.5,0,1.472,0
8067,2.08,0,1.816,0
3834,3.08,0,2.396,0
381,1.16,0,1.092,0
14989,1.52,0,1.528,0
16873,1.96,0,1.896,0
11105,1.42,0,1.304,0
2367,1.18,0,1.672,0.64
9600,1.26,0,2.064,0
9201,1.14,0,1.228,0
3143,2.08,0,1.824,0
10657,1.04,0,1.22,0
10201,1.32,0,1.236,0
14182,0.84,0,1.096,0
12567,2.02,0,1.268,0
10143,1.42,0,1.54,0
16152,1.06,0,1.196,0
12835,1.08,0,1.532,0
14766,1.46,0,2.936,0
2518,1.62,0,1.78,0
14460,1.7,0,1.18,0
10594,1.02,0,1.268,0
16261,2.48,0,1.836,0
412,1.34,0.8,1.168,0
694,0.46,0,1.312,0
2062,1.86,0,1.856,0
12715,1.06,0,1.056,0
14256,0.6,1,1.324,0
5570,4.1,0,2.328,0
15932,0.72,0,1.28,0
3511,2.84,0,1.432,0
18392,1.86,0,1.324,0
9711,2.98,0,1.524,0
10995,1.12,0,2.412,0
15335,0.96,0,1.072,0.16
13966,1.9,0,1.684,0
12541,1.18,0,1.212,1.34
2424,0.66,0,1.272,0
4263,1.96,0,1.824,0
16492,2.2,0,2.292,0
5156,3.02,0,2.112,0
12374,1.26,0,1.504,0
8373,1.96,0,1.52,0
8130,2.02,0,0.96,0.36
14002,1.44,0,1.584,0
13474,0.6,0,1.448,0
14150,0.74,0,1.32,0
8352,0.86,0,0.92,0.5
12466,1.4,0,1.708,0
5893,1.58,0,1.864,0
4586,1.52,0,1.244,0
8406,1.24,0,1.24,0
12242,1.52,0,1.284,0
17245,3.6,0,3.64,0
3286,1.06,0,0.768,0
17559,3.5,0,2.872,0
12011,0.98,0,1.096,0
15131,1.48,0,1.06,0
16212,2.06,0,1.488,1.92
4913,1.24,0,2.324,0
10437,1.38,0,2.42,0
4459,0.56,0,1.184,0
15526,2.54,0,1.076,1.38
1143,1.12,0,1.12,0.28
657,1.94,0,1.372,0
7402,1.7,0,2.328,0
13351,1.34,0,1.664,0.2
18391,2.46,0,2.384,0
2247,1.32,0,1.18,0.2
10704,0.76,0,1.144,0
1449,0.22,0,1.084,0
10992,1.28,0,1.3,0
10633,1.5,0,1.144,0
7075,1.36,0,1.656,0
13266,1.24,0,1.424,0
13658,3.34,0,2.26,0
11372,0.44,0,1.68,0
18543,2.36,0,1.892,0
10238,1.48,0,0.944,0
13704,1.38,0,1.1,0
4522,0.82,0,2.568,1.16
12488,2.04,0,1.308,0
11221,0.8,0,0.736,0
15260,2.32,0,1.26,0
14091,0.6,4.9,1.188,0.48
8272,1,0,0.972,0
3029,1.1,0,1.972,0
11920,0.66,0,1.112,0
36,0.32,0,2.316,0
17701,1.98,0,2.496,0
8190,0.98,0,2.06,0.5
12039,2.68,0,1.084,0
17178,1.76,0,1.948,0
476,0.7,0,1.88,0
12296,1.36,0,1.628,0
18228,0.84,0,0.956,0.12
5271,1.8,0,1.68,0.64
10763,2.64,0,0.992,0
10558,0.98,0,1.44,0
2464,1.04,0,1.328,0
5297,1.3,0,1.62,0
9464,0.7,0,1.372,0
8712,1.26,0,1.116,0.5
18820,2.28,0,2.428,0
9623,1.42,0,1.204,0
17721,1.76,0,1.216,0
17838,3.1,0,2.176,0
3040,1.8,0,1.148,0
14172,0.64,0,1.048,0
12925,1,0,0.988,0
35,1.9,0,1.268,0
8902,0.46,2.2,1.572,0
7008,0.72,0,1.408,0
4927,2.38,0,1,0.24
16969,1.22,0,1.38,0
11582,0.88,0,1.276,0
9950,0.8,0,1.408,0
6836,1.18,0,1.144,0
4782,2.7,0,1.808,0
12631,2.74,0,2.096,0
17006,1.48,0,1.484,0.16
4640,1.32,0,1.24,0.46
3584,1.36,0,1.82,0
18571,1.92,0,1.92,0
17288,2.36,0,1.772,0
14854,0.52,0,0.932,0
17952,1.1,0.9,1.964,0
11591,0.14,0,1.576,0
12210,0.58,0,1.092,0
16367,1.34,0,1.74,0
2805,1.06,0,1.2,0
1746,1.26,0,1.748,0
5442,2.2,0,2.924,0
6903,1.4,0,1.908,0
12429,1.08,0,1.328,0
15416,0.66,0,1.732,0
18778,2.02,0,1.888,0
15901,1.04,0,1.264,0
13775,2.32,1.8,1.704,0
2134,1.04,0,1.284,0
11572,1.32,0,1.2,0
5600,1.14,0,2.288,0
6113,1.36,0,1.608,0
16742,4.46,0,2.988,0
9996,1.84,0,1.392,0
18469,1.58,0,1.756,0.24
12603,1.94,0,0.736,0
13269,0.38,0,0.772,0
7514,2.4,0,2.18,0
7377,0.78,0,1.584,0
7933,1.18,0,1.816,0
18512,1.48,0,2.552,0
13183,1.02,0,1.436,0
11360,1.02,0,1.428,0.7
2439,1.36,0.2,1.616,0
8249,1.16,0,1.176,0
306,1.72,0,1.476,0
4613,1.88,0,1.78,0
10988,0.48,0,1.624,0
17235,2.42,0,2.148,0
10967,0.32,3.4,1.204,0
9356,0.72,0.8,1.54,0
17960,0.7,0,1.708,0
3934,0.82,0,1.316,0
6363,1.88,0,1.88,0
790,1.5,0,1.22,0
13105,1.84,0,1.264,0
12334,0.3,0,1.464,0
5147,1.4,0,0.716,0.14
9335,0.88,0,1.056,0.66
15003,1.86,0,1.376,0
8575,1.3,0,1.092,0
15966,0.6,0,0.824,0
10454,1.36,0.2,1.24,0
3035,1.92,0,1.288,0
15696,2.74,0,1.648,0
14748,1.12,0,1.676,0
16937,2.04,0,2.224,0
18826,3.78,0,2.46,0
9719,1.96,0,1.352,0
13448,2.04,0,0.828,0
17770,1.2,0,1.26,0
15926,1,2,0.856,0.86
2745,1.72,0,1.372,0
16025,-0.1,6.3,1.328,0.48
5794,1.18,0,1.672,0
17360,1.16,1.3,1.704,0
4783,0.36,1.5,1.124,0
9726,0.82,0,0.884,0.66
3764,1.54,0,0.76,0
17784,1.14,0,1.224,0
661,0.66,2.2,1.004,0
13301,1.16,0,1.248,0
8804,1.1,0,1.024,0
6211,1.02,0,1.36,0
14665,0.82,0,1.14,0
2277,0.62,0,1.296,0
18031,1.66,0,1.012,0.66
15773,1.3,0,1.352,0
5184,1.86,0,1.536,0
13362,2.52,0,1.184,0
17766,1.4,0,2.204,0
14534,1.22,0,1.528,0
2267,1.5,0,2.132,0
15502,1.04,0,1.644,0
13836,1.68,0,0.988,0
354,1.3,0,1.44,0
18626,1.3,0,1.632,0
2456,1.46,0,1.436,0
6924,0.32,0,1.536,0
3804,0.6,0,1.82,0
14075,1.2,0,0.616,0.74
3710,1.68,0,1.472,0
16499,2.06,0,1.556,0
14770,1.42,0,1.384,0
14162,0.8,0,1.452,0
11097,1.02,0,1.408,0
6231,1.38,0,1.776,0
2964,2.84,0,1.496,0
2012,0.66,0,1.46,0
15270,0.98,0,0.856,0.86
14533,1.34,0,1.432,0
2027,2.34,0,1.46,0
10926,1.42,0,1.54,0
12082,0.3,6.5,1.604,0.94
1437,1.44,0,1.448,0
13808,0.96,0,0.868,0.34
13885,0.88,0,0.736,0
954,2.46,0,1.964,0
340,0.54,0,2.18,0
12509,0.44,0,1.08,0
8020,2.18,0,1.976,0
14020,-0.04,2.2,0.944,0
10631,2.2,0,1.588,0
17468,3.28,0,3.068,0
11248,2.72,0,1.664,0.2
12420,0.74,0,0.936,0
8650,1.24,0,1.736,0
10589,1.34,0,1.22,0
18123,2.58,0,2.464,0
11387,1.24,0,1.66,0
16144,0.78,0,0.696,0
8747,1.22,0,1.624,0
9263,0.72,1,1.144,0.1
3495,2.72,0,1.984,0
7103,1.38,0,1.368,0
18530,2.76,0,1.656,0
16567,2,0,1.996,0
18928,1.74,0,1.416,0
10258,1.16,0,1.48,0.3
5817,1.1,0,2.008,0
941,1.78,0,1.524,0
1214,2.16,0,1.62,0
4045,1.2,0,1.024,0
18118,3.56,0,2.528,0
13353,3.14,0,1.248,0
16324,1.08,0,1.728,0
16461,2.1,0,1.688,0
3400,1.08,0,0.932,0.22
12457,1.6,0,1.508,0
17758,1.06,0,1.852,0
16407,1.68,0,1.652,0
10924,3.42,0,1.96,0
2614,1.5,0,2.06,0
1066,0.96,1.2,1.852,0
10691,1.08,0,1.168,0
18487,2.6,0,1.948,0
14863,0.2,3.5,1.536,0
13318,2.38,0,1.2,0
10543,1.22,0,1.296,0
14339,1.22,0,1.124,0.16
336,1.78,0,1.468,0
7109,1.48,0,1.832,0
14971,0.06,0,2.132,0
5021,2.38,0,1.264,0
18798,2.68,0,2.204,0
191,1.3,0,0.852,0
13707,-0.04,0,1.28,0
1942,2,0,1.656,0
6598,2,0,1.816,0
7657,1.76,0,1.536,0
2976,1.72,0,1.38,0
17674,2.76,0,2.02,0
16548,1.52,0,1.564,0
11868,0.84,0,2.184,0
9551,1,0,1.02,0.36
7101,1.56,0,1.488,0
6003,1.48,0,2.028,0
4201,2.78,0,2.312,0
15284,1.9,0,1.436,0
18767,1.76,0,1.304,0
10304,0.96,0,1.508,0
5449,3.62,0,2.364,0
13242,2.32,0,1.576,0
3983,1.8,0,1.652,0
5070,1.06,0,1.716,0
1080,1.04,0,1.072,0.28
9736,0.98,0,1.06,0.5
9173,1.14,0,1.528,0
13100,0.66,0,1.864,0
1706,1.74,0,1.224,0
127,1.36,0,1.856,0
3694,0.78,0,1.876,0.12
17119,1.12,0,1.288,0.44
13083,1.12,0,1.324,0
767,1.1,0,1.576,0
11066,1.34,0,1.864,0.7
16725,1.92,0,1.804,0
15543,1.5,0,0.96,0.56
10807,1,0,1.044,0
1105,1.44,0,1.444,0
2963,1.48,0,1.924,0
18573,3.24,0,1.656,0
3730,2.4,0,1.492,0
14904,1.46,0,1.188,0
9512,3.88,0,1.812,0.66
7729,1.38,0,1.636,0
3347,1.8,0,1.064,0
16486,2.88,0,2.148,0
7585,1.5,0,1.904,0
7135,2.34,0,1.74,0
918,0.44,0,1.172,0
6440,2.04,0,1.936,0
149,1.56,0,1.54,0
6495,1.38,0,1.7,0
14967,1.32,0,1.532,0
15597,0.66,0,1.004,0.36
14271,1.4,0,2.012,0
13634,1.36,0,1.656,0
3692,1.26,0,1.052,0
11087,0.2,4.5,1.236,0
12733,0.14,0,1.2,0
8346,3.64,0,1.372,0
4058,1.3,0,1.94,0
8514,1.48,0,1.7,0
5391,0.98,0,1.2,0
14752,0.34,0,0.848,0
12315,0.82,0,1.964,0
10119,0.98,0,1.98,0
4490,3.66,0,1.972,0
2099,1.12,0,1.216,0
4601,2.18,0,1.776,0
14725,0.94,0,1.532,1
17707,0.84,0,1.412,0
13375,0.44,0,1.116,0
356,2,0,1.844,0
14151,1.08,0,0.824,0
10692,2.26,0,1.552,0.54
6226,1.48,0,1.832,0.36
1289,0.62,0,0.864,0
7982,1.56,0,1.564,0
14157,1.44,0,1.292,0
4157,1,0,1.636,0
18363,1.94,0,2.016,0
4156,1.64,0,1.816,0
7847,0.7,0,1.528,0
6136,2.44,0,2.4,0
12997,0.76,0,1.212,0
10188,0.94,0,1.248,0
14361,1,0,0.568,1.76
3208,2.04,0,2.032,0
3929,2,0,1.74,0
3895,1.46,0,1.184,0
13125,0.88,1.6,1.56,0.7
14528,0.56,0,0.924,0.4
5371,2.98,0,1.636,0
17027,2.28,0,2.488,0
4439,0.7,0,0.692,0
4163,1.84,0,1.728,0
10567,1.4,0,1.444,0
3398,1.1,0,1.508,0
10584,0.54,0,1.284,0
6318,1.62,0,1.656,0
15042,0.18,0,1.016,1.2
1035,1.6,0,1.864,0
18733,1.46,0,1.78,0
8159,1.48,0,1.328,0.38
17385,1.08,0,1.356,0
14965,1.48,0,1.216,0
11677,1.8,0,1.116,0
6818,2.96,0,2.304,0
6090,1.5,0,1.668,0.04
3879,2.72,0,1.672,0.04
11091,0.3,3.9,1.596,0
14134,1.32,0,0.796,0
15676,1.78,0,1.716,0
235,1.4,0,1.588,0
10481,0.52,0,0.968,0
11656,1.1,0,1.172,0
2074,1.06,0,1.172,0
13663,1.74,0,1.336,0
16772,0.94,0,2.404,0
7745,0.52,0,1.704,0
18304,1.36,0,1.552,0
3942,0.96,0,1.32,0
15903,2.78,0,1.456,0
10820,0.68,0,1.068,0
13288,0.7,0,1.444,0
12235,1.56,0,2.176,0
46,2.22,0,1.644,0
821,0.56,0,1.544,0.2
9205,0.96,0,0.968,0
15499,1.14,0,1.204,0
14936,1.42,0,1.816,0
11818,1.7,0,1.744,0.54
11414,0.56,0,0.96,0.3
9089,1.44,0,1.544,0
7709,2.18,0,1.724,0
12730,2.78,0,1.428,0
16760,1.48,0,1.532,0
12989,1.08,0,1.692,0
16927,2.22,0,1.66,0
7740,1.54,0,2.072,0
15884,3.28,0,1.852,0
16440,2.44,0,2.2,0
3453,0.98,0,1.824,0
890,2,0,1.812,0
14065,3.26,0,1.232,0
4865,2.14,0,0.876,0.8
140,0.78,0,0.908,0
11466,1.82,0,1.836,0
3839,0.56,0,1.056,0
158,1.14,0,1.328,0
6991,1.04,0,0.96,0.44
16638,1.42,0,2.108,0
13397,1.72,0,1.256,0.62
2323,0.28,0,1.404,0
14645,1.4,0,1.532,0
18810,2,0,1.644,0
1827,0.72,0,1.54,0.2
13655,0.82,0,1.148,0
7691,1.08,0,1.956,0
16624,1.92,0,1.904,0
11729,0.96,0,1.688,0
3657,1.24,0,2.636,0
12967,2.3,0,1.828,0
7658,0.82,0,0.988,0
17915,1.5,0,2.276,0
11116,1.62,0,1.64,0
1628,0.82,0,1.264,0
14029,1.38,0,1.06,0.88
4806,3.1,0,1.356,0
10535,0.96,0,1.352,0
16847,1.46,0,1.68,0
3086,0.96,0,1.4,0
10324,1.08,0,1.012,0
1183,1.28,0,1.176,0
9631,1.24,0,1.26,0
9168,1.54,0,1.236,0
14067,1.26,0,1.196,0
4416,3.72,0,2.5,0
3610,1.42,0,1.776,0
12021,1.36,0,1.188,0
5812,1.88,0,1.536,0
6405,1.32,0,1.612,0
4770,0.78,0,1.516,0
14864,0.72,0,0.928,1
5705,1.04,0,1.044,0
7482,1.34,0,1.08,0
18859,1.92,0,2.188,0
18606,1.62,0,1.856,0
7006,1.4,0,1.64,0
7557,2.92,0,1.6,0
13491,1.16,0,1.468,0
15717,0.78,0,1.652,0
6620,2.12,0,2.152,0
4118,0.9,0,1.04,0
17334,1.36,0,1.564,0
5504,1.42,0,1.572,0
13379,1.88,0,1.756,0
13127,1.72,0,1.344,0.24
12434,1.1,0,1.276,0
5376,0.9,1.3,1.96,0.46
4501,1.66,0,1.08,0.04
2201,1.86,0,1.752,0
1572,1.12,0,1.184,0
14905,0.18,0,0.396,0.8
4866,1.28,0,1.792,0
9218,1.1,0,1.052,0
9644,1.46,0,1.84,0.42
13005,1.34,0,0.872,0
15380,1.34,0,1.496,0
10178,0.74,0,1.716,0
18672,2.08,0,2.068,0
6176,1.36,0,1.952,0
2803,1.3,0,2.032,0
6254,1.88,0,1.82,0
10702,0.48,0,0.848,0
12090,1.4,0,1.16,0
848,1.6,0,1.664,0
10563,0.86,0,1.556,0
50,1.78,0,1.548,0
2088,0.64,0,1.268,0
10287,1.2,0,1.484,0
6236,1.74,0,2.288,0
11071,0.2,4.7,1.256,0.62
14962,0.92,0,1.44,0
17251,1.48,0,1.968,0
5017,1.42,0,1.76,0
18007,1.82,0,1.68,0
560,1.24,0,1.388,0
18350,1.36,0,1.856,0
7975,2.2,0,1.748,0
11356,1.62,0,1.096,0
17709,2.12,0,2.56,0
38,2.54,0,0.8,0
6537,2.1,0,1.384,0
6415,1.16,0,1.268,0
2000,1.16,0,1.544,0
5642,1.56,0,1.12,0
8716,2.18,0,1.284,0
4583,0.56,1,1.684,0.18
3908,0.18,0.4,1.348,0
10895,0.54,0,0.72,0
14076,0.66,0,0.692,0
13221,1.38,0,1.632,0
3062,0.9,0,0.796,0.38
1235,1.66,0,1.308,0
8653,0.56,0,1,0
12620,0.86,0,1.184,0
665,1.14,0,1.756,0
11347,0.48,0,0.84,0
14742,1.56,0,1.144,0
9508,1.04,0,1.168,0
11471,1.08,0,1.616,0
2920,1.42,0,1.528,1.38
5343,1.96,0,2.156,0
3133,1.08,0,1.024,0
320,1.26,0,1.376,0
17370,3.14,0,1.892,0
23,1.1,0,1.684,0
15061,1.02,0,1.024,0
6956,2.84,0,2.98,0
11077,1.4,0,1.212,0
325,1.78,0,1.96,0
13119,1.68,0,1.804,0
2221,3.14,0,1.528,0
12213,1.5,0,1.248,0
12328,0.54,0,1.14,0.54
2831,1.16,0,1.224,0.4
8106,1.16,0,1.268,0
1420,1.5,0,1.904,0
10007,1.62,0,1.772,0
8803,1.38,0,2.616,0
12430,1.28,0,1.388,0
3860,2.16,0,1.42,0
15498,0.56,0,0.932,0
5328,1.46,0,1.264,0
10445,0.92,0,1.116,0.66
12921,0.74,0.5,1.24,0
13357,1.52,0,1.152,0
11548,0.62,0,1.68,0
10610,0.9,0,1.312,0
717,1.82,0,1.492,0
5430,0.56,0,1.912,0
17017,2.12,0,2.028,0
1914,1.64,0,1.68,0
17955,2.46,0,1.968,0
17964,3.1,0,1.412,0
12616,1.84,0,1.096,0
1516,1.88,0,1.828,0
15940,1.36,0,1.076,0
10288,1.12,0,1.072,0
4796,1.3,0,1.572,0.82
8198,1.26,0,1.4,0
9535,0.62,0,0.784,0.66
8896,0.68,0,1.056,0.66
10470,1.12,0,1.2,0
7865,3.54,0,1.52,0
14843,0.94,0,1.084,0
744,0.56,0,1.06,1.52
2974,1.4,0,1.872,0
13796,2.4,0,1.392,0
13313,3.3,0,2.188,0
12785,3.1,0,1.46,0
14606,1.86,0,1.528,0
285,0.96,0,1.204,0
12655,0.62,0,1.576,0.54
540,2.6,0,1.812,0
9129,1.08,0,1.324,0.36
17433,3.02,0,2.432,0
9229,1.58,0,1.36,0
6846,0.04,0,1.328,0
4193,1.34,0,2.048,0
3778,1.1,0,1.1,0
14167,1.62,0,2.024,0
16168,1.4,0,1.088,0
16426,1.28,0,3.156,0
11240,0.96,0,1.36,0
10597,1.14,0,1.092,0
3823,2.52,0,1.932,0
7668,0.7,0,1.352,0
8779,1.56,0,1.84,0.42
3307,1.46,0,1.448,0
16351,1.28,0,1.68,0
9416,0.68,0,0.96,0
11412,1.84,0,1.532,0
1972,1.36,0,1.424,0
9139,1.78,0,2.172,0
16266,2.1,0,1.444,0
7739,1.46,0,1.344,0
1954,0.86,0,1.412,0
14694,0.04,0,1.1,0.16
6719,2.68,0,1.328,0
18608,2.18,0.3,3.888,0
1038,1.92,0,1.424,0
9050,1.44,0,1.328,0
2,0.6,0,1.472,0
10634,1.56,0,0.92,0.66
2579,1.74,0,1.824,0
10002,1.04,0,1.096,0
16432,1.1,0,0.776,0
11565,0.56,0,0.964,0
14623,0.56,0.7,0.972,0
3200,0.94,0,0.744,0
9281,0.9,0,1.068,0
5723,1.18,0,0.772,0
4022,2.2,0,1.964,0
2525,1.16,0,1.036,0
10242,0.76,0,1.204,0
16759,3.1,0,2.456,0
7497,1.88,0,1.58,0
13843,0.22,1.2,0.98,0
1239,1.32,0,0.756,0.74
7078,1.06,0,1.772,0
17392,2.14,0,2.576,0
13422,0.8,0,1.524,0
4166,0.72,1.7,1.084,0
4561,1.22,0,1.312,0.04
3995,2.06,0,2.056,0
9964,1.64,0,1.5,0
16335,0.7,0,1.96,0
3429,1.26,0,0.892,0
4025,1.2,0,1.82,0
6214,1.6,0,1.408,0
10064,1.22,0.5,1.18,0
8283,0.78,0,1.228,0
6502,1,0,1.424,0
17526,1.5,0,1.224,0
4373,1.06,0,1.08,0
12836,0.96,0,1.876,0.3
9904,1.62,0,1.812,0
5097,1.8,0,1.252,0
11637,1.7,0,1.8,0
7553,0.8,0,1.292,0
6135,3.92,0,1.568,0
11706,0.94,0,1.2,0
13647,1.1,0,1.14,0
2638,1.18,0,1.096,0
7299,1.28,0,2.52,0
10170,1.2,0.7,1.456,0
12473,0.9,0,0.836,0
10205,1,0,1.176,0
3748,1.38,0,1.6,0
129,0.62,0,1.116,1.14
7271,1.1,0,1.932,0
10674,1.14,0,1.14,0
18144,1.72,0,0.948,0
12726,2.76,0,1.044,0
18637,3.58,0,2.296,0
16389,1.44,0,2.116,0
6275,0.74,0,1.576,0
18127,2.32,0,1.932,0
7046,1.88,0,1.896,0
2888,1.6,0,1.492,0
11554,1,0,1.44,0
15044,0.9,0,1.364,0
16153,0.84,0,1.216,0
7474,2.48,0,1.464,0
13166,1.74,0,1.52,0
1971,0.82,0,1.304,0
13711,1.16,0,0.98,0
18423,1.44,0,1.648,0
10052,1.68,0,1.412,0
10215,2.04,0,1.36,0.28
18836,1.98,0,1.688,0
1221,0.92,0,2.428,0
11675,3.48,0,1.652,0
4031,1.16,0,0.864,0
3824,0.84,0,1.508,0
9885,2.3,0,1.592,0
4480,1.78,0,1.564,0
14709,2.32,0,0.492,1.26
10836,0.88,0,1.764,0
11615,1.32,0,1.144,0
10328,0.92,0,1.14,0
8360,2.18,0,1.288,0
12927,2.22,0,0.992,0
5622,0.78,1.7,1.428,0
2685,0.68,0,1.512,0
480,2.22,0,2.044,0
9965,1.1,0,1.212,0.42
8651,1.58,0,1.228,0.42
16238,1.48,0,1.352,0
17052,4.5,0,2.576,0
18444,1.72,0,1.64,0
14258,1.74,0,1.38,0
15458,2.5,0,1.992,0
4412,0.84,0,1.228,0.46
754,0.9,0,1.392,0
13146,1.28,0,1.672,0
4065,1.74,0,1.32,0.64
10578,1.1,0,1.352,0
2407,3.44,0,1.308,0
1875,0.94,0,1.144,1.26
453,1.52,0,1.772,0
12364,1.9,0,1.756,0
18380,1.82,0,1.62,0
18210,2.26,0,2.052,0
3761,1.48,0,1.12,0
13782,1.56,0,1.384,0
6223,3.22,0,2.152,0
5931,1.96,0,2.152,0
10320,3.12,0,1.324,0
2293,1.78,0,1.132,0
8097,1.5,0,1.704,0
15757,1.46,0,1.48,0.6
14749,1.08,0,0.86,0.42
2598,1.8,0.2,2.008,0
56,1.26,0,1.572,0
8952,1.22,0,1.684,0
831,1.02,0,1.204,0
15890,1.32,0,1.2,0
10100,0.86,0,1.168,0
13202,0.44,5.3,1.412,0.3
5307,0.7,0,1.792,0
7020,2.12,0,1.916,0
18483,1.92,0,1.924,0
12859,1.36,0,1.408,0
1911,2.06,0,1.28,0.74
13744,0.4,0,1.38,0
16775,1.9,0,2.22,0
10937,1.72,0,1.44,0
16422,1.84,0,2.308,0
12566,1.08,0,1.16,0
4624,1.68,0,1.94,0
16119,0.9,0,1.192,0.68
10209,3.94,0,2.344,0.42
14456,1.16,0,0.956,0
14972,1,0,0.86,0
8590,0.56,1,1.308,0
9898,0.82,0,1.196,0
16892,2.36,0,1.656,0
8943,0.66,0,0.792,0.36
13806,0.76,0,2.332,0
7198,2.9,0,1.836,0
4626,1.5,0,2.66,0
10436,1.84,0,2.2,0
18295,1.78,0,1.948,0
12388,1.48,0,2.448,0
10976,2.4,0,1.076,0
11177,1.86,0,1.592,0
8520,1.1,0,1.12,0
3819,0.9,0,1.484,0
2317,0.42,0,1.644,0
13574,1.44,0,1.14,0
18918,3.64,0,3.336,0.06
10955,1.82,0,1.276,0
6747,1.38,0,2.232,0
2363,0.42,0,1.24,0
1121,1.52,0,1.564,0
8008,3.66,0,1.812,0
18805,1.14,0,2.076,0
4120,1.2,0,1.344,0
18259,1.6,0,1.74,0
8496,1.02,0,1.196,0
1237,1.24,0,1.38,0
12190,1.5,0,1.528,0
18117,3.2,0,2.096,0
6346,1.7,0,1.724,0
17832,1,0,1.4,0
18793,0.98,0,1.412,0
10226,0.88,0,1.536,0
9668,0.98,0,1.404,0
18410,2.08,0,1.812,0
6776,1.08,0,1.428,0
3209,1.42,0,2.132,0
6227,1.8,0,2.048,0
1689,1.38,0,1.812,0
4863,1.1,0,1.268,0
9507,0.38,4.7,1.872,0
2628,1.3,0,1.588,0.74
2852,1.12,0,1.336,0
7629,1.64,0,1.86,0
2352,2.92,0,1.772,0
858,1.54,0,1.04,0.2
15828,0.86,0,0.956,0
12347,1.54,2.5,1.176,0
6530,1.38,0,1.372,0
6591,1.86,0,2.544,0
14330,2.28,0,1.608,0
374,1.48,0,2.316,0
1232,0.3,0,0.888,0
14873,0.52,0,0.98,0.74
12991,1.38,0,1.416,0
15434,1.64,0,1.372,0
16051,0.26,0,0.776,0
10732,1.36,0,1.444,0
6027,2.58,0,2.532,0
17850,0.9,0,1.54,0
3411,1.4,0,2.664,0
10415,1.46,0,1.136,0.36
452,1.3,0,1.724,0
5519,2.24,0,2.52,0
11847,1.22,0,1.132,0
8217,0.56,0,0.88,0.36
11723,1.84,0,1.708,0
67,2.46,0,1.964,0
4523,1.78,0,1.32,0
2608,1.58,0,1.488,0
11121,1.8,0,1.676,0.7
5276,1.5,0,1.448,0.04
7903,0.88,0,1.224,0
1934,2.38,0,1.688,0
14048,0.16,0,2.028,0
8499,1.32,0,1.312,0
9894,2.88,0,1.008,0
604,0.32,3.7,0.928,1.26
7389,2.64,0,2.304,0
17706,1.48,0,1.768,0
18639,4.22,0,2.08,0
12350,1.68,0.2,1.796,0
5089,1.18,0,1.54,0
13059,2.04,0,0.952,0
10134,2.62,0,1.228,0
13618,1.78,0,1.332,0
2807,1.34,0,1.072,0.04
7229,1.86,0,1.728,0
465,2,0,1.384,0
10000,1.38,0,1,0
8809,0.88,0,1.436,0
11928,1.16,0,1.152,0.3
5460,1,0,1.84,0
3982,0.64,0,1.516,0.2
2196,1.06,0,1.532,0
2776,1.52,0,2.468,0
5498,0.98,0,1.26,0.54
5304,0.52,1.6,0.756,0
14626,1.34,0,1.472,0
7381,1.2,0,1.152,0
18892,1.9,0,2.036,0
2549,0.04,0,2.092,0
5555,2.06,0,1.796,0
13465,0.38,0,1.328,0
18785,3.02,0,2.068,0
15239,0,0,0.868,0
10817,0.92,0,1.084,0
18641,2.58,0,1.836,0
18378,2.88,0,2.38,0
9556,1.42,0,1.408,0
10930,1.02,0,0.928,0
4359,1.18,0,1.304,0
18059,1.88,0,2.132,0
7863,1.6,0,1.36,0
7462,3.2,0,2.124,0
17863,1.16,0,1.184,0
2855,0.84,0,1.288,0
988,1.62,0,1.304,0
5824,1.86,0,1.136,0
13769,1.64,0,1.46,0
11570,1.96,0,0.9,0.2
14680,1.72,0,2.028,0
2360,1.54,0,1.548,0
1193,1.7,0,2.076,0
16100,0.34,3.9,1.092,0.34
1893,1.5,0,2.624,0
7200,1.88,0,1.728,0
5154,3.04,0,1.568,0
14398,0.26,0,0.94,0
7112,1.86,0,1.464,0
16456,1.3,0,1.572,0
17903,2.02,0,2.028,0
3277,1.62,0,1.46,0
1358,1.82,0,1.956,0
1986,1.32,0,2.136,0
18231,1.5,0,2.104,0
12237,0.62,0,1.408,0
600,0.7,0,0.82,0
9231,3.12,0,0.728,0
2398,1.38,0,1.08,0.74
3111,1.9,0,2.232,0
18734,2.18,0,2.476,0
15610,0.44,0,1.528,0
12942,0.58,0,0.896,0.62
5645,1.98,0,1.744,0
18099,1.82,0,1.728,0
8451,1.38,0,1.676,0
7030,2.6,0,2.124,0
12978,2.16,0,1.296,0.7
17280,2.4,0,1.696,0
8600,0.94,0,1.12,0
1491,2.2,0,1.504,0
14582,1.52,0,1.072,0
2191,1.18,0,1.888,0
2819,1.54,0,1.376,0
9868,1,0,0.952,0.36
10538,0.62,0,1.332,0
4766,1.18,0,1.708,0
11984,1.56,0,1.536,0
17801,1.4,0,1.62,0
776,0.78,0,1.712,0
17195,2,0,1.7,0
7038,1.38,0,1.816,0
16959,1.7,0,1.408,0
3017,1.76,0,2.196,0
10158,1.26,0,1.352,0
15364,1.56,0,1.808,0
5011,1.78,0,0.872,0
6124,3.44,0,2.732,0
12974,1.58,0,1.396,0.7
5059,1.08,0,1.176,0
5346,0.76,0,1.368,0
4372,1.14,0,1.476,0
809,1.42,0,0.78,0.74
15087,0.3,0,0.876,0
9207,0.88,0,1.308,0.52
15075,1.42,0,1.468,0
9190,0.74,0,1.244,0
11377,0.38,0,1.18,0
12803,1.32,0,1.336,0
3854,0.98,0,0.692,0
11701,0.4,0,1.124,0
11872,1.06,0,1.612,0
6298,1.44,0,1.892,0
5194,2.46,0,2.532,0
13038,1.52,0,1.664,0
15789,0.6,0,1.16,0
1926,2.1,0,1.188,0.74
9767,0.32,2.5,1.004,0.36
14493,0.72,0,1.068,0
5330,0.64,0,0.764,0
6128,1.28,0,1.768,0
13700,1.14,0,1.332,1.92
14531,0.92,0,0.772,0
14313,0.9,0,0.9,0
11426,1.04,0,1.748,0
8246,1.38,0,1.536,0
2313,1.64,0,1.064,0
8179,0.68,0,0.916,0.36
15591,1.02,0,0.512,0
18655,1.86,0,1.544,0
3909,1.92,0,1.652,0
5737,1.1,0,1.86,0
2041,1.32,0,1.612,0
6945,0.68,0,1.78,0
3746,2.4,0,1.56,0
1495,1.34,0,1.364,0
3330,2.1,0,1.616,0
8371,1.62,0,1.1,0
15784,1.1,0,1.22,0.44
6855,1.86,0,1.444,0
15312,1.16,0,1.28,0
17202,1.18,0,1.444,0
15474,1.3,0,1.196,0.6
2128,2.12,0,1.936,0
5025,1.18,0,1.26,0.5
8273,1.48,0,0.844,0
18162,1.12,0,1.284,0
12530,1.16,0,1.348,0
3620,0.96,0,1.092,0.54
9079,0.98,0,1.932,0
7759,3.72,0,2.008,0
1774,1.02,0,1.268,0.34
9646,1.34,0,1.284,0
801,1.06,0,1.132,0
6889,2.5,0,2.544,0
16072,1.28,0,1.056,0
13696,1.6,0,1.048,0.74
1554,2.5,0,1.3,0.2
9004,0.42,0,1.236,0
2151,1.48,0,1.588,0
4250,1.36,0,1.668,0
4931,0.62,1.1,1.644,0
15302,1.86,0,1.264,0
7471,0.86,0,1.152,0
123,1.52,0,1.588,0
5441,2.76,0,2.168,0
8028,2,0,1.668,0
14424,1.22,0,1.228,0.24
14013,1.56,0,0.824,0
13090,0.72,0,2.116,0
8271,0.98,0,1.164,0
5665,0.76,0,1.16,0
6684,1.58,0,1.148,0
426,1.74,0,2.164,0
6938,2.04,0,1.936,0
5753,3.26,0,1.908,0
8207,0.64,0,1.02,0
10656,1,0,1.876,0
12661,1.66,0,1.3,0.7
12585,1.08,0,1.404,0
17090,1.52,0,1.324,0
10949,0.7,0,1.96,0
12005,1.02,0,2.088,0
7498,0.3,0,2.248,0
4685,1.88,0,1.692,0
2970,1.24,0,1.084,0
2527,2.78,0,1.412,0
14321,0.9,0,1.34,0
12179,1.62,0,1.34,0
16800,1.8,0,1.284,0
12006,1.46,0,1.22,0
10159,2.48,0,1.072,0.66
13788,0.74,0,0.888,1.92
13169,1.5,0,1.472,0
9409,3.26,0,0.96,0.38
7505,0.9,0,1.496,0
4610,1.78,0,1.336,0
10605,1.1,0,1.008,0.66
3923,2.42,0,1.816,0
10471,0.9,2.1,1.54,0
13900,1.08,0,1.948,0.92
7789,1.88,0,1.744,0
18588,1.52,0,2.04,0
5243,2.94,0,2.124,0
2909,1.48,0,1.752,0.04
9395,0.58,0,1.468,0.66
5130,1.26,0,1.26,0
7269,1.22,0,1.992,0
798,0.62,0.9,1.508,0
6267,2.58,0,1.22,0
8866,1.34,0,1.124,0
18582,1.34,0,1.348,0
10210,0.92,0,1.74,0
11849,0.56,0,1.016,0.78
14173,2.36,0,2.016,0
2023,0.8,0,1.376,0
16385,0.64,0,2.192,0
10029,1.5,0,1.796,0
3967,0.72,0.2,0.952,0.3
16686,4.6,0,2.684,0
9524,0.88,0,1.056,0.66
4050,1.24,0,2.472,0
11490,1.58,0.3,1.272,0
6145,1.74,0,1.312,0
9172,1.72,0,2.612,0
6777,1.22,0,1.58,0
13666,1.68,0,1.78,0
3362,3.76,0,1.54,0
18885,2.38,0,2.848,0
8253,0.8,0,1.24,0
9457,0.86,0,1.388,0
8920,1.14,0,1.36,0
8351,1.7,0,1.404,0
2148,1.26,0,1.688,0
618,-0.02,2,1.604,0
12614,0.62,0,1.036,0
4432,1.8,0,1.176,0
3070,0.84,0,1.384,0
15827,0.78,1.3,0.708,1.88
14961,1.48,0,1.288,0
8837,1.58,0,1.08,0.36
5531,1.08,0,1.82,0
8212,0.62,0,0.816,0.66
17233,2.02,0,2.364,0
12533,0.88,0,1.06,0
3219,2.96,0,1.972,0
10945,1.02,0,2.104,0
15811,1.76,0,0.82,0
1981,1.58,0,2.008,0
18670,2.62,0,2.216,0
2410,0.52,0,1.468,0
18688,0.98,0,1.38,0
11673,2.82,0,1.776,0
16054,2.08,0,1.9,0
6647,2.46,0,1.7,0
9586,0.84,0,1.256,0.66
15480,1.78,0,1.808,0
12768,0.28,6.1,1.516,0.12
1667,0.82,0,1.324,0
12019,1.1,0,0.88,0
14993,2.28,0,1.216,0
837,0.3,0,1.204,0
3022,1.52,0,1.548,0
10647,1.34,0,1.248,0
6693,4.12,0,1.812,0
905,0.62,0,1.508,0.86
3873,0.58,0,0.928,0
3631,1.84,0,1.304,0
2620,1.3,0,1.64,0
11762,0.66,3.8,1.64,0
5582,2.42,0,1.812,0
6163,2.24,0,1.804,0
8326,1.2,0,1.092,0
1044,0.56,0,1.344,0
352,0.88,0,1.144,1.26
7899,1.78,0,1.58,0
14283,2.34,0,1.248,0.2
12405,1.2,0,1.672,0
4851,3.1,0,2.18,0
2237,1.78,0,1.608,0
16413,0.9,0,1.1,0
10954,1.48,0,0.788,0.3
16635,1.02,0,1.864,0
2010,0.9,0,1.284,0.64
13503,1.04,0,2.032,0
6958,2.56,0,2.304,0
15979,1.04,0,1.144,0.74
1309,1.56,0,2.304,0
671,0.8,0,1.016,1.38
10852,2.32,0,1.408,0
13915,1.3,0,1.088,0
6467,1.9,0,1.552,0
2454,1,0,1.224,0
1354,1.9,0,1.44,0
2490,0.54,0,0.992,0
17935,2.54,0,1.912,0
2829,1.28,0,2.104,0
749,1.42,0,1.668,0
11998,1,0,2.248,0
8951,3.7,0,1.676,0.66
8240,0.46,4,1.456,0
15846,1.56,0,1.156,0.14
13809,1.24,0,0.844,0
8635,0.68,0,1.624,0
14878,0.08,0,0.672,0
5499,3.86,0,2.5,0
7897,1.96,0,1.684,0
7277,1,0,1.84,0
18076,2.38,0,1.404,0
2470,1.4,0,0.732,1.56
8334,1.8,0,0.696,0
8652,0.6,0,1.088,0
1039,1.56,0,1.608,0
4889,3.5,0,1.42,0
2687,0.68,2.6,1.852,0
17068,2.72,0,2.432,0
1857,1,0,1.524,0
7228,2,0,2.048,0
17657,1.44,0,1.096,0
6228,1,0,0.98,0
812,1.72,0,2.64,0
17943,3.18,0,2.932,0
6432,2.92,0,1.636,0
1718,1.4,0,0.904,0
1569,1.98,0,1.68,0
7806,3.56,0,2.868,0
7087,0.96,0,1.16,0
3484,0.88,0,1.6,0.24
16502,1.16,0,1.576,0
18482,0.82,0,2.248,0
849,2.12,0,1.124,0
6732,2.08,0,1.804,0
15395,1.38,0,1.336,0
17116,2.72,0,2.188,0
7023,1.58,0,1.7,0
7611,1.3,0,1.6,0
2533,0.64,0,1.44,0
8037,4.68,0,2.048,0
966,1.92,0,2.18,0
3372,3.32,0,1.132,0.22
13750,0.72,0,1.508,0
9577,1.14,0.9,1.384,0
3919,1.78,0,1.644,0.46
5913,0.78,0,1.624,0
13500,1.6,0,1.516,0
15211,1.84,0,1.548,0
8419,2.04,0,1.204,0
10658,1.44,0,1.3,0
9144,1.6,0,0.936,0
2003,1.52,0,2.168,0
4882,1.32,0,0.932,0.4
15851,3.26,0,1.712,0
13736,0.98,0,0.908,0.74
2532,1.34,0,1.508,0
15750,1.62,0,1.176,0.48
14388,1.56,0,1.68,0
5593,1.5,0,1.46,0
7426,1.5,0,1.868,0
6745,0.9,0,1.656,0
13263,1.48,0,1.136,0
15255,3.2,0,2.236,0
7134,1.06,0,1.216,0
15552,1.48,0,1.412,0
3940,1.02,0,1.016,0
10016,1.82,0,2.228,0
17609,1.72,0,1.348,0
6706,1.58,0,1.7,0
5686,2.16,0,1.652,0
17628,1.2,0,1.22,0
10881,1.18,0,0.984,0
4512,1.1,0,1.264,0
16268,0.68,0,1.156,0
17670,1.06,0,1.92,0
15539,0.22,0,0.756,0
8657,1.74,0,1.088,0
8483,1.2,0,1.644,0
5477,1.1,0,1.416,0
12917,0.68,0,1.108,0
17783,3.32,0,2.096,0
365,1.4,0,1.856,0
10547,1.14,2.5,1.228,0.42
4992,1.66,0,1.868,0
14756,0.14,5.3,0.896,0.1
6210,2.24,0,1.748,0
6681,1.32,0,2.076,0
10778,0.42,1.6,1.08,0.36
14188,-0.26,0,1.348,0
15698,0.98,0,0.936,0
1720,0.64,0,2.132,0
2629,1.28,0,2.084,0
4249,1.68,0,1.676,0
6599,2.18,0,2.06,0
3601,0.92,0,1.66,0
139,1.92,0,2.016,0
701,0.96,1.6,0.936,0
8816,0.78,0,1.396,0
7174,1.2,0,1.76,0
8181,0.78,0,1.024,0
1084,0.34,0,1.424,0
14903,1.32,0,1.556,0
1385,1.18,0,1.076,0
4906,1.4,0,1.036,0
13687,1.54,0,1.34,0
10050,1,0,1.18,0
18448,2.1,0,1.912,0
15414,0.82,0,1.828,0
3888,1.08,0,0.924,0
14882,0.74,3.8,1.124,0.92
9449,1.18,0,1.32,0.66
5433,0.66,0,1.432,0
16995,1,0,1.784,0
12862,1.62,0,0.976,0
16709,1.9,0,1.54,0
4660,1.9,0,1.184,0
5988,0.72,0,1.224,0.18
14568,1.28,0,1.888,0
4461,1.56,0,1.816,0
2335,1.48,0,1.828,0
10054,0.98,0,1.028,0
828,1.06,0,1.032,0.2
7114,0.7,0,1.772,0
17199,2.64,0,2.108,0
10043,2.12,0,1.44,0
8631,2.86,0,2.08,0
16962,3.32,0,2.404,0
16810,1.16,0,1.52,0
13432,0.42,0,0.864,0.72
1860,1.32,0,1.012,0
542,0.58,0,0.872,1.9
4135,1.94,0,1.576,0
2724,1.54,0,1.536,0
535,2.26,0,1.748,0
17402,3.58,0,2.048,0
1513,1.46,0,1.524,0
4867,1.12,2.2,1.036,0
13773,0.86,0,0.66,0
10592,1.28,0,1.36,0
12939,0.38,0,1.572,0
9290,1.02,0,1.336,0
6103,1.12,0,1.432,0
5106,1.34,0,1.544,0
12166,1.18,0,1.484,0.94
11666,2.32,0,1.74,0
13419,1.32,0,1.748,0
15561,0.78,0,1.216,0
8704,1,0,1.552,0
16197,2.76,0,1.38,0
14450,1.24,0,1.328,0
15592,1.12,0,1.852,0
2973,0.6,0,1.336,0.5
10425,2.64,0,1.116,0.5
10207,1.18,0,1.24,0.12
12898,0.44,0,1.284,0
17580,1.56,0,1.284,0
15710,1.22,0,1.676,0
11355,2.4,0,1.068,0
9426,1.8,0,1.212,0
3643,1.92,0,1.888,0
11761,0.68,0,1.26,0.2
16981,1.8,0,1.76,0
5638,2.46,0,1.648,0
11483,1.3,0,0.936,0.3
718,1.32,0,1.444,0
10272,1.64,0,1.74,0
16277,1.58,0,1.708,0
8581,2.96,0,1.308,0
4629,0.66,0,1.496,1.04
10929,1.02,0,2.1,0
17412,0.94,0,1.304,0
7538,0.52,0,1.584,0
9769,0.9,0,1.592,0
10993,1.82,0,1.5,1.14
1213,0.86,0,1.084,0.74
1425,1.78,0,1.3,0
974,1.64,0,1.496,0
10903,0.8,0,1.088,0
8521,1.7,0,1.512,0
31,1.2,0,1.628,0
5183,0.4,0,1.832,0
16267,1.22,0,1.616,0
9505,0.9,0,1.028,0.66
584,1.12,0,2.06,0
9695,1.32,0,0.992,0
17897,1.78,0,1.328,0
2659,3.66,0,1.604,0
617,0.34,0,0.872,0.6
202,2.64,0,1.868,0
11002,0.96,0,1.212,0
4947,1.74,0,1.856,0
10267,0.68,0,0.876,0.66
8391,0.78,0,1.448,0.34
10427,1.46,0,1.028,0.66
16129,1.2,0,1.452,0
11448,1.28,0,0.892,0
383,1.26,0,1.508,0
10529,1.66,0,2.252,0
4197,0.46,0,0.788,0
14853,1,0,1.284,0
1052,1,0,1.184,0
4771,1.4,0,1.256,0
16683,1.62,0,1.748,0
11225,2.04,0,0.66,0.78
1413,1.42,0,0.888,0.2
3563,1.1,0,1.368,0
13898,0.32,0,1.532,0.68
12739,0.9,0,0.712,0.78
12062,2.3,0,1.44,2.06
15201,1.24,0,1.152,0.74
3180,1.1,0,1.496,0.12
7597,0.46,0,1.188,0
13113,1.34,0,1.3,0
2213,1.48,0,1.656,0
9382,0.86,0,1.048,0
5667,1.76,0,1.7,0
2408,1.74,0,1.532,0
4067,2.82,0,1.296,0.14
10713,1.68,0,1.26,0
9109,0.74,0,1.08,0
9204,0.92,0,1.388,0
8756,1.48,0,1.444,0
16653,1.3,0,1.612,0
6888,-0.02,2.1,1.112,0
17689,1.32,0,1.64,0
16368,2.48,0,1.276,0
16602,2.5,0,2.2,0
7258,1.86,0,2.236,0
6581,3.22,0,1.616,0
1170,2.06,0,1.62,0
4137,1.92,0,1.428,0
5985,1.82,0,2.092,0
6173,1.58,0,2.024,0
1377,2.46,0,1.904,0
14463,0.98,0,1.104,0
18686,2.5,0,1.848,0
8349,1.02,0,1.42,0
11684,1.32,0,0.828,0
17481,2.42,0,1.956,0
12135,1.38,0,1.824,0
6473,0.94,0,1.54,0
18370,2.28,0,3.4,0
3039,2.22,0,1.452,0
17788,1.66,0,1.772,0
4628,1,0,1.184,0
12251,0.78,0,1.408,0
15225,1.36,0,0.932,0
114,1.52,0,1.604,0.12
450,1.66,0,1.868,0
6281,4.38,0,1.312,0
6885,2.86,0,1.984,0
14758,1.08,0,1.18,0
4935,2.4,0,2.004,0
6083,1.18,0,2.108,0
8691,0.66,3.3,1.696,0.42
6188,2.46,0,2.232,0
11133,3.12,0,1.572,0
3254,0.98,0,1.088,0
17540,2.72,0,1.592,0
18674,2.4,0,1.856,0
14711,0.88,0,0.6,0.48
14187,1.84,0,1.352,0.68
15794,1.54,0,1.112,0
3587,2.44,0,1.204,0.28
11770,1.58,0,1.032,0
17833,4.56,0,3.148,0
2205,1.34,0,1.516,0
16371,0.46,0,1.788,0
18130,1.12,0,1.672,0
7378,1.64,0,2.42,0
6050,0.86,0,1.82,0
4686,2.02,0,1.884,0
7079,1.8,0,1.656,0.36
5657,0.66,0,1.404,0
2397,1.6,0,1.352,0
4324,1.16,0,1.368,0
14241,1.3,0,0.612,1.48
18411,3.08,0,1.86,0
10943,0.3,0,0.66,0.78
6832,1.02,0,1.52,0
11961,2.22,0,1.36,0.24
15667,1.3,0,1.216,0
11443,1.48,0,1.224,0
16874,3.74,0,1.876,0
11289,1.16,0,0.96,0
15641,1.12,0,0.976,1.32
13107,0.78,0,1.504,0
18146,2.74,0,2.208,0
17848,2.34,0,2.2,0
3971,0.7,0,1.092,1.06
2722,0.88,0,1.62,0
8434,0.46,0,1.332,0
12627,1.38,0,1.372,0.7
13679,1.18,0,1.684,0
3661,1.14,0,1.616,0
7185,2.66,0,2.232,0
5666,0.5,0,1.136,0.42
8621,1.24,0,1.204,0.52
7005,1.44,0,1.688,0
17191,1.8,0,1.848,0
6845,1.6,0,1.696,0
1915,1.16,0,1.02,0
17000,0.92,0,1.008,0
8938,1.14,0,1.592,0
5940,0.64,0,1.356,0
8432,0.84,0,1.628,0
13472,2.18,0,1.932,0
12395,0.38,0,1.004,0
10212,1.74,0,1.312,0
4826,1.22,0,1.48,0
15570,1.7,0,1.684,0
1701,1.04,0,1.568,0
14822,0.76,0,0.98,0.74
6209,0.9,0,1.424,0
18293,1.68,0,3.14,0
6874,2.36,0,1.696,0
2136,2.22,0,2.02,0
18420,0.78,0,1.26,0
12321,1.12,0,1.476,0
10748,0.84,0,1.22,0
10912,1.54,0,1.1,0
12342,0.66,0,1.316,0
14605,-0.16,0,0.988,0
17328,2.14,0,1.716,0
6934,1.84,0,2.048,0
18594,0.8,0,1.104,0
5996,1.1,0,1.448,0
2919,1.98,0,0.904,0
18374,1.18,0,0.88,0
3573,1.38,0,1.18,0
13719,1.46,0,0.964,0
13650,0.46,0,1.08,0
14612,1.06,0,1.292,0
1405,0.78,0,1.244,0
9575,0.9,0,1.084,0
3371,1,0,1.22,0
14554,1.5,0,1.232,0
3469,1.66,0,1.3,0
1864,0.28,1.7,1.344,0
12148,0.5,0,1.292,0
12609,1.68,0,1.1,0
16208,0.46,0,1.22,0
7878,1.88,0,2.004,0
10654,0.94,0,1.188,0
3338,1.88,0,1.468,0
14176,1.24,0,0.948,0.48
7472,2.04,0,1.668,0
11237,1.36,0,1.004,0
1811,1.12,0,1.812,0
8983,1.56,0,1.356,0
843,1.7,0,1.112,0.2
16061,1.24,0,1.576,0
2115,1.26,0,1.908,0
6063,1.9,0,1.192,0
7516,1.44,0,1.928,0
3877,1.24,0,1.744,0
302,1.48,0,1.588,0
5613,0.64,0,1.548,0
16459,2.02,0,2.016,0
12002,1.36,0,1.372,1.4
18516,2.02,0,2.068,0
16996,4.06,0,2.692,0
6879,1.14,0,1.6,0
7624,1.46,0,1.56,0
3939,1.6,0,0.708,0.26
12442,1.9,0,1.36,0
10841,0.46,0,1.044,0
3659,0.38,1.1,1.448,0
18809,2.58,0,1.872,0
18643,1.4,0,1.676,0
17497,4.18,0,2.748,0
16008,0.3,1.8,1.008,0.16
16992,2.24,0,2.576,0
12965,0.62,0,1.028,0
5899,0.4,1.8,1.344,0
16250,3.22,0,2.296,0
389,0.16,0,0.908,0.74
11454,1.1,0,0.692,1.08
13015,3.26,0,1.26,0
15392,0.22,0,0.656,0
4221,2.46,0,1.068,1.72
3392,1.06,0,1.576,0
2676,1.84,0,1.904,0
4024,1.3,0,0.828,0
12023,2.1,0,1.328,0
10917,0.92,0,1.232,0
8742,0.64,0,1.288,0
5921,1.98,0,2.032,0
11606,0.8,0,1.328,0.7
7336,1.66,0,2.248,0
1487,1.54,0,1.924,0
10487,1.36,0,1.112,0.66
10395,1.44,0,1.196,0
14590,0.62,0,1.508,0
15839,1.42,0,1.556,0
4239,1.22,0,1.952,0
11013,1.44,0,1.112,0.4
18389,1.12,0,1.504,0.18
16853,2.06,0,1.964,0
4226,0.9,0,1.284,0.04
14277,0.8,0,0.836,0
5717,1.68,0,1.544,0
18658,2.44,0,2.8,0
2563,3.38,0,1.284,0
14555,1.06,0,1.04,0.16
17749,1.96,0,2.22,0
9527,2.76,0,1.452,0
9221,1.18,0,0.992,0
4033,0.94,0,1.784,0
2469,1.08,0,1.14,0
1821,0.78,0,1.14,0.2
201,2.9,0,1.424,0
18769,1.14,0,1.804,0
16038,1.08,0,2.072,0
13295,3.28,0,1.532,0
2626,0.5,0,1.208,0.2
16264,4,0,3.34,0
16136,0.76,0,1.572,0
559,1.28,0,1.736,0
11323,1.7,0,1.776,0
16066,1.08,0,1.252,0
15359,1.18,0,1.704,0
10493,2.74,0,1.14,0
8705,0.72,0,1.2,0
8607,1.52,0,1.352,0
2794,2.62,0,1.512,0
12985,1,0,1.456,0
8150,1,0,1.204,0
6797,1.3,0,2.08,0
3969,1.6,0,2.304,0
17274,1.2,0,1.124,0.1
2839,1.5,0,1.576,0
5807,2.42,0,1.496,0
