id,variant,target,formula,elements,cif,passes_rules
chalcogenide_chalcogenide_T1_R1_2,chalcogenide,,LaCrTe3,{},cifs/chalcogenide_chalcogenide_T1_R1_2.cif,True
chalcogenide_chalcogenide_T1_R1_3,chalcogenide,,NaNbTe3,{},cifs/chalcogenide_chalcogenide_T1_R1_3.cif,True
chalcogenide_chalcogenide_T2_R1_1,chalcogenide,,KNbTe3,{},cifs/chalcogenide_chalcogenide_T2_R1_1.cif,True
chalcogenide_chalcogenide_T2_R1_2,chalcogenide,,BaTe3W,{},cifs/chalcogenide_chalcogenide_T2_R1_2.cif,True
chalcogenide_chalcogenide_T2_R1_3,chalcogenide,,BaTe3Mo,{},cifs/chalcogenide_chalcogenide_T2_R1_3.cif,True
halide_halide_T1_R1_1,halide,,NaMnI3,{},cifs/halide_halide_T1_R1_1.cif,True
halide_halide_T1_R1_2,halide,,NaNiI3,{},cifs/halide_halide_T1_R1_2.cif,True
halide_halide_T1_R1_3,halide,,RbMnI3,{},cifs/halide_halide_T1_R1_3.cif,True
halide_halide_T1_R1_4,halide,,NaNiI3,{},cifs/halide_halide_T1_R1_4.cif,True
halide_halide_T1_R2_4,halide,,NaZnI3,{},cifs/halide_halide_T1_R2_4.cif,True
halide_halide_T2_R1_1,halide,,RbPbI3,{},cifs/halide_halide_T2_R1_1.cif,True
halide_halide_T2_R1_2,halide,,KMnI3,{},cifs/halide_halide_T2_R1_2.cif,True
halide_halide_T2_R1_3,halide,,NaCoI3,{},cifs/halide_halide_T2_R1_3.cif,True
halide_halide_T2_R1_4,halide,,NaSnI3,{},cifs/halide_halide_T2_R1_4.cif,True
halide_halide_T3_R1_1,halide,,CsMnI3,{},cifs/halide_halide_T3_R1_1.cif,True
halide_halide_T3_R1_2,halide,,NaFeI3,{},cifs/halide_halide_T3_R1_2.cif,True
halide_halide_T3_R2_3,halide,,CsPbI3,{},cifs/halide_halide_T3_R2_3.cif,True
halide_halide_T3_R2_4,halide,,RbSnI3,{},cifs/halide_halide_T3_R2_4.cif,True
oxide_oxide_T1_R1_1,oxide,,SrZrO3,{},cifs/oxide_oxide_T1_R1_1.cif,True
oxide_oxide_T1_R1_2,oxide,,LaMnO3,{},cifs/oxide_oxide_T1_R1_2.cif,True
oxide_oxide_T1_R1_3,oxide,,LaScO3,{},cifs/oxide_oxide_T1_R1_3.cif,True
oxide_oxide_T1_R1_4,oxide,,NaTaO3,{},cifs/oxide_oxide_T1_R1_4.cif,True
oxide_oxide_T2_R1_1,oxide,,LaMnO3,{},cifs/oxide_oxide_T2_R1_1.cif,True
oxide_oxide_T2_R1_2,oxide,,BaMnO3,{},cifs/oxide_oxide_T2_R1_2.cif,True
oxide_oxide_T2_R1_3,oxide,,SrVO3,{},cifs/oxide_oxide_T2_R1_3.cif,True
oxide_oxide_T2_R1_4,oxide,,BaPbO3,{},cifs/oxide_oxide_T2_R1_4.cif,True
