id,variant,target,formula,elements,cif,passes_rules,formula_key,valid,unique,novel,dHf,stable,sun,dft_dir_gap,dft_hit
chalcogenide_chalcogenide_T1_R1_2,chalcogenide,,LaCrTe3,{},cifs/chalcogenide_chalcogenide_T1_R1_2.cif,True,LaCrTe3,True,True,True,-1.48522,True,True,,
chalcogenide_chalcogenide_T1_R1_3,chalcogenide,,NaNbTe3,{},cifs/chalcogenide_chalcogenide_T1_R1_3.cif,True,NaNbTe3,True,True,True,-1.20823,True,True,,
chalcogenide_chalcogenide_T2_R1_1,chalcogenide,,KNbTe3,{},cifs/chalcogenide_chalcogenide_T2_R1_1.cif,True,KNbTe3,True,True,True,-1.33832,True,True,,
chalcogenide_chalcogenide_T2_R1_2,chalcogenide,,BaTe3W,{},cifs/chalcogenide_chalcogenide_T2_R1_2.cif,True,BaTe3W,True,True,True,-1.30964,True,True,,
chalcogenide_chalcogenide_T2_R1_3,chalcogenide,,BaTe3Mo,{},cifs/chalcogenide_chalcogenide_T2_R1_3.cif,True,BaTe3Mo,True,True,True,-1.42938,True,True,,
halide_halide_T1_R1_1,halide,,NaMnI3,{},cifs/halide_halide_T1_R1_1.cif,True,NaMnI3,True,True,True,-0.89972,True,True,,
halide_halide_T1_R1_2,halide,,NaNiI3,{},cifs/halide_halide_T1_R1_2.cif,True,NaNiI3,True,True,True,-0.72329,True,True,,
halide_halide_T1_R1_3,halide,,RbMnI3,{},cifs/halide_halide_T1_R1_3.cif,True,RbMnI3,True,True,True,-1.12281,True,True,,
halide_halide_T1_R1_4,halide,,NaNiI3,{},cifs/halide_halide_T1_R1_4.cif,True,NaNiI3,True,False,True,-0.72329,True,False,,
halide_halide_T1_R2_4,halide,,NaZnI3,{},cifs/halide_halide_T1_R2_4.cif,True,NaZnI3,True,True,True,-0.92752,True,True,,
halide_halide_T2_R1_1,halide,,RbPbI3,{},cifs/halide_halide_T2_R1_1.cif,True,RbPbI3,True,True,True,-1.23978,True,True,,
halide_halide_T2_R1_2,halide,,KMnI3,{},cifs/halide_halide_T2_R1_2.cif,True,KMnI3,True,True,True,-1.08269,True,True,,
halide_halide_T2_R1_3,halide,,NaCoI3,{},cifs/halide_halide_T2_R1_3.cif,True,NaCoI3,True,True,True,-0.5863,True,True,,
halide_halide_T2_R1_4,halide,,NaSnI3,{},cifs/halide_halide_T2_R1_4.cif,True,NaSnI3,True,True,True,-0.93624,True,True,,
halide_halide_T3_R1_1,halide,,CsMnI3,{},cifs/halide_halide_T3_R1_1.cif,True,CsMnI3,True,True,True,-1.16015,True,True,,
halide_halide_T3_R1_2,halide,,NaFeI3,{},cifs/halide_halide_T3_R1_2.cif,True,NaFeI3,True,True,True,-0.55319,True,True,,
halide_halide_T3_R2_3,halide,,CsPbI3,{},cifs/halide_halide_T3_R2_3.cif,True,CsPbI3,True,True,True,-1.30173,True,True,,
halide_halide_T3_R2_4,halide,,RbSnI3,{},cifs/halide_halide_T3_R2_4.cif,True,RbSnI3,True,True,True,-1.19356,True,True,,
oxide_oxide_T1_R1_1,oxide,,SrZrO3,{},cifs/oxide_oxide_T1_R1_1.cif,True,SrZrO3,True,True,False,-3.47811,True,False,,
oxide_oxide_T1_R1_2,oxide,,LaMnO3,{},cifs/oxide_oxide_T1_R1_2.cif,True,LaMnO3,True,True,False,-2.46739,True,False,,
oxide_oxide_T1_R1_3,oxide,,LaScO3,{},cifs/oxide_oxide_T1_R1_3.cif,True,LaScO3,True,True,False,-3.62919,True,False,,
oxide_oxide_T1_R1_4,oxide,,NaTaO3,{},cifs/oxide_oxide_T1_R1_4.cif,True,NaTaO3,True,True,False,-2.90212,True,False,,
oxide_oxide_T2_R1_1,oxide,,LaMnO3,{},cifs/oxide_oxide_T2_R1_1.cif,True,LaMnO3,True,False,False,-2.46739,True,False,,
oxide_oxide_T2_R1_2,oxide,,BaMnO3,{},cifs/oxide_oxide_T2_R1_2.cif,True,BaMnO3,True,True,False,-1.91944,True,False,,
oxide_oxide_T2_R1_3,oxide,,SrVO3,{},cifs/oxide_oxide_T2_R1_3.cif,True,SrVO3,True,True,False,-2.41583,True,False,,
oxide_oxide_T2_R1_4,oxide,,BaPbO3,{},cifs/oxide_oxide_T2_R1_4.cif,True,BaPbO3,True,True,False,-1.96994,True,False,,
