run,what,seed,epochs,scored_on,n,cosine_before_projection,l2_before_projection,structure_matching_sampled_in_run_pct,structure_matching_most_likely_pct,cosine_after_projection,r2_heat_all,r2_dir_gap,site_species_accuracy_pct,composition_exact_pct,lattice_length_mae_angstrom,frac_coord_mae,recall_at_1_crystal_to_property,recall_at_10_crystal_to_property,median_rank_crystal_to_property,training_hours
seed0,alignment training,0,2200,all,18928,0.9563,0.2934,90.0412,92.7937,-0.9772,0.9998,0.9996,99.0226,95.1976,0.0942,0.0388,0.2452,0.2912,170.0,7.38
seed1,alignment training,1,2200,all,18928,0.9585,0.2862,91.4148,94.553,-0.9827,0.9998,0.9996,99.1219,95.6625,0.0882,0.0288,0.288,0.3185,158.0,7.25
seed2,alignment training,2,2200,all,18928,0.9373,0.3529,82.9142,88.34,-0.9764,0.9999,0.9995,98.0431,90.5537,0.1206,0.0355,0.2178,0.2674,197.0,7.3
seed3,alignment training,3,2200,all,18928,0.9592,0.2839,91.5469,94.6851,-0.9795,0.9994,0.9995,99.217,96.1538,0.0962,0.0278,0.2486,0.2696,201.0,7.18
seed4,alignment training,4,2200,all,18928,0.9654,0.2615,78.2069,82.4863,-0.9772,0.9987,0.9995,96.9685,85.6298,0.1065,0.0496,0.2665,0.3348,140.0,7.29
seed5,alignment training,5,2200,all,18928,0.9586,0.2863,85.1543,88.8736,-0.9789,0.9997,0.9993,98.0325,90.4691,0.0911,0.0408,0.2151,0.2481,208.0,7.25
noCL_seed0,without the curriculum,0,2500,all,18928,0.9449,0.329,58.5059,66.2352,-0.9832,0.9999,0.9993,93.4911,71.1169,0.1217,0.0555,0.2207,0.259,201.0,8.16
heldout_seed0,"trained on 80 %, 20 % held out",0,2200,all,18928,0.9535,0.2945,85.9573,88.9793,-0.9771,0.9997,0.9995,98.1445,91.5311,0.0908,0.0356,0.241,0.2791,186.0,5.74
heldout_seed0,"trained on 80 %, 20 % held out",0,2200,train80,15142,0.9607,0.279,90.4174,93.4487,-0.9772,0.9997,0.9995,99.1824,96.0111,0.0884,0.0353,0.2749,0.3173,159.0,5.74
heldout_seed0,"trained on 80 %, 20 % held out",0,2200,test20,3786,0.925,0.3566,68.1194,71.1041,-0.9769,0.9997,0.9992,93.9937,73.6133,0.1004,0.0368,0.1051,0.1265,459.5,5.74
noCL_seed1,without the curriculum,1,2500,all,18928,0.9592,0.2837,72.9026,81.1021,-0.9851,0.9999,0.9992,96.6367,84.0607,0.123,0.0458,0.2431,0.2934,171.0,8.08
heldout_seed1,"trained on 80 %, 20 % held out",1,2200,all,18928,0.9469,0.3172,85.9626,89.0533,-0.975,0.9997,0.9994,98.1889,91.5416,0.1088,0.0303,0.2224,0.2635,197.0,5.88
heldout_seed1,"trained on 80 %, 20 % held out",1,2200,train80,15142,0.9538,0.3029,89.5588,92.5968,-0.975,0.9997,0.9995,99.0028,95.1063,0.1065,0.03,0.2548,0.3013,165.0,5.88
heldout_seed1,"trained on 80 %, 20 % held out",1,2200,test20,3786,0.9193,0.3746,71.5795,74.8811,-0.975,0.9997,0.9988,94.934,77.2847,0.1181,0.0314,0.093,0.1123,471.0,5.88
noCL_seed2,without the curriculum,2,2500,all,18928,0.943,0.3361,69.7432,77.3669,-0.9852,0.9998,0.9996,95.8094,80.1564,0.117,0.0512,0.2894,0.3335,146.0,8.02
heldout_seed2,"trained on 80 %, 20 % held out",2,2200,all,18928,0.9375,0.3462,77.9269,81.5828,-0.9715,0.9998,0.9992,97.1323,86.7339,0.1185,0.0382,0.1833,0.2197,229.0,5.77
heldout_seed2,"trained on 80 %, 20 % held out",2,2200,train80,15142,0.9438,0.3337,82.3735,86.336,-0.9715,0.9998,0.9992,98.3278,91.8769,0.1162,0.038,0.2072,0.2481,207.0,5.77
heldout_seed2,"trained on 80 %, 20 % held out",2,2200,test20,3786,0.9121,0.3961,60.1426,62.5726,-0.9714,0.9998,0.9991,92.3508,66.1648,0.1278,0.0389,0.0874,0.1062,537.0,5.77
seed6,alignment training,6,2200,all,18928,0.94,0.3449,83.7648,88.8208,-0.9771,0.9998,0.9994,98.2196,91.3673,0.1148,0.0375,0.1272,0.1947,238.0,7.24
