curriculum,epoch,cosine_before_projection,l2_before_projection,structure_matching_most_likely_pct,site_species_accuracy_pct,composition_exact_pct,cosine_after_projection,recall_at_1_crystal_to_property,median_rank_crystal_to_property
True,1,0.0255,1.3961,0.037,61.3335,0.0475,-0.5297,0.0022,6630.0
True,2,0.042,1.3842,0.0898,57.7303,0.1955,-0.6342,0.008,5925.0
True,5,0.0411,1.3848,3.5978,68.4985,3.9043,-0.6937,0.005,5539.0
True,10,0.0266,1.3953,28.191,83.1255,31.4402,-0.7106,0.0036,5100.0
True,20,0.0573,1.3731,54.2371,90.4744,57.6923,-0.6239,0.0113,2934.5
True,50,0.3266,1.1605,88.3242,97.9871,90.448,-0.6527,0.0312,1033.5
True,100,0.5743,0.9226,85.6562,97.3003,86.8607,-0.773,0.0489,662.0
True,150,0.704,0.7693,91.6156,98.6021,93.2798,-0.8272,0.0668,551.0
True,200,0.7664,0.6834,93.0051,98.732,93.8768,-0.8573,0.0648,483.0
True,300,0.8154,0.6074,93.7289,98.993,95.1289,-0.8912,0.0652,421.0
True,400,0.8519,0.544,91.1929,98.4774,92.6722,-0.9111,0.0762,406.0
True,500,0.8724,0.5048,87.8011,97.6733,88.9846,-0.9246,0.084,418.0
True,600,0.8884,0.4718,77.8159,95.4734,78.7775,-0.9348,0.1031,360.0
True,700,0.8991,0.4487,87.8011,97.706,89.2117,-0.9422,0.1115,314.0
True,800,0.9075,0.4296,90.3476,98.4985,92.7515,-0.9473,0.0922,287.5
True,900,0.913,0.4163,93.0051,98.8916,94.5953,-0.952,0.1227,267.0
True,1000,0.9197,0.4001,89.1536,98.6243,93.3696,-0.9556,0.1167,262.0
True,1100,0.9139,0.4137,87.5845,97.7705,89.365,-0.9591,0.0851,364.0
True,1200,0.9275,0.3801,88.4087,98.0928,90.7175,-0.962,0.1134,245.0
True,1300,0.9307,0.3715,91.436,98.6074,93.2322,-0.9639,0.1275,256.0
True,1400,0.9338,0.3629,82.8719,97.9205,90.1152,-0.9664,0.1499,234.0
True,1500,0.9348,0.36,87.183,97.911,89.9408,-0.9672,0.1309,259.0
True,1600,0.9369,0.3543,90.1363,98.3749,92.2337,-0.9701,0.1702,232.0
True,1700,0.9391,0.3478,85.3445,97.3563,87.5687,-0.971,0.1523,232.0
True,1800,0.9392,0.3477,86.4803,97.6352,88.8789,-0.9735,0.1515,226.0
True,1900,0.9425,0.3385,87.1513,98.1234,91.1084,-0.9736,0.1856,226.0
True,2000,0.9362,0.3559,91.2299,98.7225,93.9032,-0.9756,0.1219,262.0
True,2100,0.9401,0.3447,87.9385,97.9892,90.3159,-0.9768,0.1301,238.0
True,2200,0.94,0.3449,88.4563,98.1604,91.0714,-0.9771,0.1276,238.0
False,1,0.2512,1.2237,0.0053,39.7834,0.0106,-0.6641,0.0002,2723.0
False,2,0.3969,1.0982,0.0106,42.3574,0.0475,-0.7627,0.0072,2037.0
False,5,0.713,0.7576,0.2272,49.9281,0.317,-0.8743,0.0315,1085.0
False,10,0.8779,0.4939,1.0566,56.0387,1.4951,-0.8927,0.0255,1170.0
False,20,0.9178,0.4047,2.3774,59.6503,2.9639,-0.9018,0.0281,720.5
False,50,0.8561,0.5361,8.4795,66.3229,9.7422,-0.9158,0.0613,579.5
False,100,0.8299,0.5831,20.3667,77.2084,23.1086,-0.9249,0.0817,415.0
False,150,0.8243,0.5926,23.9275,79.2371,27.1397,-0.9359,0.0869,394.0
False,200,0.8227,0.5951,29.2582,81.2616,32.4915,-0.9448,0.0776,379.0
False,300,0.8193,0.6006,36.1792,84.2477,38.8419,-0.9539,0.0801,323.0
