id,formula,energy_per_atom,dHf,converged,artefact
oxide_T1_1,LaMnO3,-7.96333,-2.46739,True,False
oxide_T1_2,CaTiO3,-8.02694,-3.36381,True,False
oxide_T1_3,LaAlO3,-8.00958,-3.58685,True,False
oxide_T1_4,CsTaO3,-7.91392,-2.67070,True,False
oxide_T1_5,BaTiO3,-7.99842,-3.36382,True,False
oxide_T1_6,NaTaO3,-8.23943,-2.90212,True,False
oxide_T2_1,LaCoO3,-7.17739,-2.08416,True,False
oxide_T2_2,NaNbO3,-7.64218,-2.66755,True,False
oxide_T2_3,BaMnO3,-6.80651,-1.91944,True,False
oxide_T2_4,LaFeO3,-7.51034,-2.15515,True,False
oxide_T2_5,KNbO3,-7.63717,-2.71341,True,False
oxide_T2_6,CsNbO3,-7.35576,-2.47523,True,False
oxide_T3_1,LaGaO3,-7.18521,-2.92249,True,False
oxide_T3_2,BaZrO3,-8.28682,-3.51275,True,False
oxide_T3_3,BaGeO3,-6.32763,-2.35714,True,False
oxide_T3_4,CaVO3,-7.29411,-2.37846,True,False
oxide_T3_5,BaSnO3,-6.32544,-2.47642,True,False
oxide_T3_6,SrTiO3,-8.02457,-3.42869,True,False
chalcogenide_T1_1,CsTaTe3,-4.92444,-1.29506,True,False
chalcogenide_T1_2,RbNbTe3,-4.63579,-1.35522,True,False
chalcogenide_T1_3,LaCoTe3,-4.99754,-1.51814,True,False
chalcogenide_T1_4,LaMnTe3,-5.42803,-1.54593,True,False
chalcogenide_T1_5,LaVTe3,-5.42142,-1.53927,True,False
chalcogenide_T1_6,BaSnTe3,-3.69632,-1.46113,True,False
chalcogenide_T2_1,CaTiTe3,-4.65674,-1.60744,True,False
chalcogenide_T2_2,BaTiTe3,-4.93285,-1.91208,True,False
chalcogenide_T2_3,BaZrTe3,-5.16190,-2.00167,True,False
chalcogenide_T2_4,NaNbTe3,-4.56902,-1.20823,True,False
chalcogenide_T2_5,LaCoS3,-5.52698,-2.54412,True,False
chalcogenide_T2_6,BaWS3,-597.86982,-594.36391,False,True
chalcogenide_T3_1,BaTe3Mo,-5.02138,-1.42938,True,False
chalcogenide_T3_2,LaCrTe3,-5.43808,-1.48522,True,False
chalcogenide_T3_3,SrTiTe3,-4.76099,-1.77895,True,False
chalcogenide_T3_4,CaTe3Mo,-4.77249,-1.15195,True,False
chalcogenide_T3_5,BaMoS3,-515.17754,-512.08207,True,True
chalcogenide_T3_6,NaTaTe3,-4.86908,-1.14560,True,False
halide_T1_1,RbZnI3,-2.19984,-1.13594,True,False
halide_T1_2,KSnI3,-2.76250,-1.14192,True,False
halide_T1_3,NaMnI3,-3.60921,-0.89972,True,False
halide_T1_4,NaCoI3,-2.89308,-0.58630,True,False
halide_T1_5,RbMnI3,-3.75209,-1.12281,True,False
halide_T1_6,KNiI3,-2.86949,-0.88349,True,False
halide_T2_1,NaZnI3,-2.07164,-0.92752,True,False
halide_T2_2,NaSnI3,-2.60769,-0.93624,True,False
halide_T2_3,CsZnI3,-2.21543,-1.16540,True,False
halide_T2_4,RbSnI3,-2.78479,-1.19356,True,False
halide_T2_5,CsMnI3,-3.77555,-1.16015,True,False
halide_T2_6,NaCuI3,-2.43114,-0.72359,True,False
halide_T3_1,RbFeI3,-3.26107,-0.77255,True,False
halide_T3_2,KMnI3,-3.74132,-1.08269,True,False
halide_T3_3,CsPbI3,-2.83582,-1.30173,True,False
halide_T3_4,NaNiI3,-2.76015,-0.72329,True,False
halide_T3_5,NaFeI3,-3.12193,-0.55319,True,False
