target,target_dir_gap,target_heat_all,pred_heat_all,pred_dir_gap,site_B,site_X,site_A,formula,lattice_a,min_distance,charge_neutrality,bond_window,tolerance_factor,octahedral_factor,score,latent_norm,round,file,warnings
1,1.5,-0.1,-0.09397685527801514,1.5067877769470215,Ta,O,Cs,CsTaO3,4.16,2.08,1.0,1.0,1.0436624126166831,0.6507936507936507,0.002455331804676464,4.4066948890686035,1,cifs\oxide_T1_R1_1.cif,
1,1.5,-0.1,-0.12045788764953613,1.5683506727218628,Sc,O,La,LaScO3,4.29,2.145,1.0,1.0,0.8017173388557964,0.7023809523809523,0.01285496952134565,4.763728141784668,1,cifs\oxide_T1_R1_2.cif,
1,1.5,-0.1,0.5054502487182617,1.763049840927124,Fe,O,La,LaFeO3,4.225,2.1125,1.0,0.9999999999999998,0.8140514517612704,0.6765873015873016,0.31137531829908993,4.639065742492676,1,cifs\oxide_T1_R1_3.cif,
1,1.5,-0.1,1.3090269565582275,1.8473862409591675,Sn,O,Ba,BaSnO3,4.18,2.09,1.0,0.9999999999999998,0.9304036594559836,0.6587301587301587,0.6842879830310319,3.878805160522461,1,cifs\oxide_T1_R1_4.cif,
1,1.5,-0.1,2.051126480102539,1.3967094421386719,Ta,O,K,KTaO3,4.16,2.08,1.0,1.0,0.9450754094704817,0.6507936507936507,0.8711195313843201,4.35220193862915,1,cifs\oxide_T1_R1_5.cif,
1,1.5,-0.1,2.816563367843628,1.6447381973266602,V,O,Sr,SrVO3,4.075,2.0375,1.0,0.9999999999999998,0.8953793842754809,0.617063492063492,1.1875744929028225,4.284791946411133,1,cifs\oxide_T1_R1_6.cif,
2,2.5,-0.1,-0.08206677436828613,2.6023144721984863,Zr,O,Ba,BaZrO3,4.24,2.12,1.0,1.0,0.9172375699353799,0.6825396825396826,0.01764154147394038,4.3559346199035645,1,cifs\oxide_T2_R1_1.cif,
2,2.5,-0.1,-0.011643171310424805,2.4830684661865234,Nb,O,Rb,RbNbO3,4.16,2.08,1.0,1.0,0.9926691351272685,0.6507936507936507,0.03562940831310698,4.530584812164307,1,cifs\oxide_T2_R1_2.cif,
2,2.5,-0.1,0.13798582553863525,2.3485445976257324,Hf,O,Ca,CaHfO3,4.22,2.11,1.0,1.0,0.8042920733875422,0.6746031746031745,0.1181330691238054,4.370420932769775,1,cifs\oxide_T2_R1_3.cif,
2,2.5,-0.1,0.6154701709747314,2.40934157371521,Mn,O,La,LaMnO3,4.275,2.1375,1.0,0.9999999999999998,0.8045303821500274,0.6964285714285714,0.2944070186463273,4.30483341217041,1,cifs\oxide_T2_R1_4.cif,
2,2.5,-0.1,0.7680243253707886,2.692903518676758,Hf,O,Sr,SrHfO3,4.22,2.11,1.0,1.0,0.864613978891608,0.6746031746031745,0.3844214976661897,4.0666608810424805,1,cifs\oxide_T2_R1_5.cif,
2,2.5,-0.1,1.7203398942947388,2.2785215377807617,Ge,O,Sr,SrGeO3,4.0600000000000005,2.0300000000000002,1.0,1.0,0.8986874361878288,0.6111111111111112,0.7771886669448942,4.241855144500732,1,cifs\oxide_T2_R1_6.cif,
3,3.5,-0.1,-0.10333025455474854,3.460118293762207,Ge,O,Ca,CaGeO3,4.0600000000000005,2.0300000000000002,1.0,1.0,0.8359883127328639,0.6111111111111112,0.0029226523143370264,4.086494445800781,1,cifs\oxide_T3_R1_1.cif,
3,3.5,-0.1,-0.10474872589111328,3.382473945617676,Nb,O,Cs,CsNbO3,4.16,2.08,1.0,1.0,1.0436624126166831,0.6507936507936507,0.01571186381512234,4.038173675537109,1,cifs\oxide_T3_R1_2.cif,
3,3.5,-0.1,-0.07155740261077881,3.414306163787842,Ta,O,Na,NaTaO3,4.16,2.08,1.0,1.0,0.8226915434958869,0.6507936507936507,0.018720472520444675,5.029518127441406,1,cifs\oxide_T3_R1_3.cif,
3,3.5,-0.1,-0.033377885818481445,3.443154811859131,Pb,O,Ba,BaPbO3,4.765000000000001,2.3825000000000003,1.0,1.0,0.816177816689614,0.8908730158730159,0.029880221087378235,4.106621265411377,1,cifs\oxide_T3_R1_4.cif,
3,3.5,-0.1,-0.17395102977752686,3.552164316177368,Co,O,La,LaCoO3,4.056666666666667,2.0283333333333333,1.0,1.0,0.8478309080586772,0.6097883597883599,0.032301527793263174,4.546862602233887,1,cifs\oxide_T3_R1_5.cif,
3,3.5,-0.1,0.5705282688140869,3.51593017578125,Ti,O,Ba,BaTiO3,4.223333333333334,2.111666666666667,1.0,1.0,0.9208572919951091,0.6759259259259259,0.2684650780260563,4.487579345703125,1,cifs\oxide_T3_R1_6.cif,
