id,variant,target,target_dir_gap,target_heat_all,formula,elements,cif,passes_rules
oxide_T1_1,oxide,1,1.5,-0.1,NdInO3,"{""A"": ""Nd"", ""B"": ""In"", ""X"": ""O""}",cifs/oxide_T1_1.cif,True
oxide_T1_2,oxide,1,1.5,-0.1,HoNiO3,"{""A"": ""Ho"", ""B"": ""Ni"", ""X"": ""O""}",cifs/oxide_T1_2.cif,True
oxide_T1_3,oxide,1,1.5,-0.1,ErNiO3,"{""A"": ""Er"", ""B"": ""Ni"", ""X"": ""O""}",cifs/oxide_T1_3.cif,True
oxide_T1_4,oxide,1,1.5,-0.1,YbNiO3,"{""A"": ""Yb"", ""B"": ""Ni"", ""X"": ""O""}",cifs/oxide_T1_4.cif,True
oxide_T1_5,oxide,1,1.5,-0.1,EuNiO3,"{""A"": ""Eu"", ""B"": ""Ni"", ""X"": ""O""}",cifs/oxide_T1_5.cif,True
oxide_T1_6,oxide,1,1.5,-0.1,NdScO3,"{""A"": ""Nd"", ""B"": ""Sc"", ""X"": ""O""}",cifs/oxide_T1_6.cif,True
oxide_T2_1,oxide,2,2.5,-0.1,TmNiO3,"{""A"": ""Tm"", ""B"": ""Ni"", ""X"": ""O""}",cifs/oxide_T2_1.cif,True
oxide_T2_2,oxide,2,2.5,-0.1,NdNiO3,"{""A"": ""Nd"", ""B"": ""Ni"", ""X"": ""O""}",cifs/oxide_T2_2.cif,True
oxide_T2_3,oxide,2,2.5,-0.1,DyNiO3,"{""A"": ""Dy"", ""B"": ""Ni"", ""X"": ""O""}",cifs/oxide_T2_3.cif,True
oxide_T2_4,oxide,2,2.5,-0.1,PrNiO3,"{""A"": ""Pr"", ""B"": ""Ni"", ""X"": ""O""}",cifs/oxide_T2_4.cif,True
oxide_T2_5,oxide,2,2.5,-0.1,GdNiO3,"{""A"": ""Gd"", ""B"": ""Ni"", ""X"": ""O""}",cifs/oxide_T2_5.cif,True
oxide_T2_6,oxide,2,2.5,-0.1,CeNiO3,"{""A"": ""Ce"", ""B"": ""Ni"", ""X"": ""O""}",cifs/oxide_T2_6.cif,True
oxide_T3_1,oxide,3,3.5,-0.1,NdFeO3,"{""A"": ""Nd"", ""B"": ""Fe"", ""X"": ""O""}",cifs/oxide_T3_1.cif,True
oxide_T3_2,oxide,3,3.5,-0.1,SmGaO3,"{""A"": ""Sm"", ""B"": ""Ga"", ""X"": ""O""}",cifs/oxide_T3_2.cif,True
oxide_T3_3,oxide,3,3.5,-0.1,DyFeO3,"{""A"": ""Dy"", ""B"": ""Fe"", ""X"": ""O""}",cifs/oxide_T3_3.cif,True
oxide_T3_4,oxide,3,3.5,-0.1,EuGaO3,"{""A"": ""Eu"", ""B"": ""Ga"", ""X"": ""O""}",cifs/oxide_T3_4.cif,True
oxide_T3_5,oxide,3,3.5,-0.1,YbGaO3,"{""A"": ""Yb"", ""B"": ""Ga"", ""X"": ""O""}",cifs/oxide_T3_5.cif,True
oxide_T3_6,oxide,3,3.5,-0.1,CeGaO3,"{""A"": ""Ce"", ""B"": ""Ga"", ""X"": ""O""}",cifs/oxide_T3_6.cif,True
chalcogenide_T1_1,chalcogenide,1,1.5,-0.1,RbTaTe3,"{""A"": ""Rb"", ""B"": ""Ta"", ""X"": ""Te""}",cifs/chalcogenide_T1_1.cif,True
chalcogenide_T1_2,chalcogenide,1,1.5,-0.1,GdMnSe3,"{""A"": ""Gd"", ""B"": ""Mn"", ""X"": ""Se""}",cifs/chalcogenide_T1_2.cif,True
chalcogenide_T1_3,chalcogenide,1,1.5,-0.1,TmMnSe3,"{""A"": ""Tm"", ""B"": ""Mn"", ""X"": ""Se""}",cifs/chalcogenide_T1_3.cif,True
chalcogenide_T1_4,chalcogenide,1,1.5,-0.1,KTaTe3,"{""A"": ""K"", ""B"": ""Ta"", ""X"": ""Te""}",cifs/chalcogenide_T1_4.cif,True
chalcogenide_T1_5,chalcogenide,1,1.5,-0.1,CeCoTe3,"{""A"": ""Ce"", ""B"": ""Co"", ""X"": ""Te""}",cifs/chalcogenide_T1_5.cif,True
chalcogenide_T1_6,chalcogenide,1,1.5,-0.1,YbMnSe3,"{""A"": ""Yb"", ""B"": ""Mn"", ""X"": ""Se""}",cifs/chalcogenide_T1_6.cif,True
chalcogenide_T2_1,chalcogenide,2,2.5,-0.1,RbNbSe3,"{""A"": ""Rb"", ""B"": ""Nb"", ""X"": ""Se""}",cifs/chalcogenide_T2_1.cif,True
chalcogenide_T2_2,chalcogenide,2,2.5,-0.1,CaMoSe3,"{""A"": ""Ca"", ""B"": ""Mo"", ""X"": ""Se""}",cifs/chalcogenide_T2_2.cif,True
chalcogenide_T2_3,chalcogenide,2,2.5,-0.1,PrVS3,"{""A"": ""Pr"", ""B"": ""V"", ""X"": ""S""}",cifs/chalcogenide_T2_3.cif,True
chalcogenide_T2_4,chalcogenide,2,2.5,-0.1,TmVS3,"{""A"": ""Tm"", ""B"": ""V"", ""X"": ""S""}",cifs/chalcogenide_T2_4.cif,True
chalcogenide_T2_5,chalcogenide,2,2.5,-0.1,LuVS3,"{""A"": ""Lu"", ""B"": ""V"", ""X"": ""S""}",cifs/chalcogenide_T2_5.cif,True
chalcogenide_T2_6,chalcogenide,2,2.5,-0.1,CeVS3,"{""A"": ""Ce"", ""B"": ""V"", ""X"": ""S""}",cifs/chalcogenide_T2_6.cif,True
chalcogenide_T3_1,chalcogenide,3,3.5,-0.1,LaVS3,"{""A"": ""La"", ""B"": ""V"", ""X"": ""S""}",cifs/chalcogenide_T3_1.cif,True
chalcogenide_T3_2,chalcogenide,3,3.5,-0.1,LaScSe3,"{""A"": ""La"", ""B"": ""Sc"", ""X"": ""Se""}",cifs/chalcogenide_T3_2.cif,True
chalcogenide_T3_3,chalcogenide,3,3.5,-0.1,LaMnSe3,"{""A"": ""La"", ""B"": ""Mn"", ""X"": ""Se""}",cifs/chalcogenide_T3_3.cif,True
chalcogenide_T3_4,chalcogenide,3,3.5,-0.1,SrSnSe3,"{""A"": ""Sr"", ""B"": ""Sn"", ""X"": ""Se""}",cifs/chalcogenide_T3_4.cif,True
chalcogenide_T3_5,chalcogenide,3,3.5,-0.1,KTaSe3,"{""A"": ""K"", ""B"": ""Ta"", ""X"": ""Se""}",cifs/chalcogenide_T3_5.cif,True
chalcogenide_T3_6,chalcogenide,3,3.5,-0.1,SrMoSe3,"{""A"": ""Sr"", ""B"": ""Mo"", ""X"": ""Se""}",cifs/chalcogenide_T3_6.cif,True
halide_T1_1,halide,1,1.5,-0.1,KFeI3,"{""A"": ""K"", ""B"": ""Fe"", ""X"": ""I""}",cifs/halide_T1_1.cif,True
halide_T1_2,halide,1,1.5,-0.1,RbFeI3,"{""A"": ""Rb"", ""B"": ""Fe"", ""X"": ""I""}",cifs/halide_T1_2.cif,True
halide_T1_3,halide,1,1.5,-0.1,KCoI3,"{""A"": ""K"", ""B"": ""Co"", ""X"": ""I""}",cifs/halide_T1_3.cif,True
halide_T1_4,halide,1,1.5,-0.1,NaFeI3,"{""A"": ""Na"", ""B"": ""Fe"", ""X"": ""I""}",cifs/halide_T1_4.cif,True
halide_T1_5,halide,1,1.5,-0.1,KCuI3,"{""A"": ""K"", ""B"": ""Cu"", ""X"": ""I""}",cifs/halide_T1_5.cif,True
halide_T1_6,halide,1,1.5,-0.1,NaMnI3,"{""A"": ""Na"", ""B"": ""Mn"", ""X"": ""I""}",cifs/halide_T1_6.cif,True
halide_T2_1,halide,2,2.5,-0.1,NaCoI3,"{""A"": ""Na"", ""B"": ""Co"", ""X"": ""I""}",cifs/halide_T2_1.cif,True
halide_T2_2,halide,2,2.5,-0.1,NaCoBr3,"{""A"": ""Na"", ""B"": ""Co"", ""X"": ""Br""}",cifs/halide_T2_2.cif,True
halide_T2_3,halide,2,2.5,-0.1,NaNiI3,"{""A"": ""Na"", ""B"": ""Ni"", ""X"": ""I""}",cifs/halide_T2_3.cif,True
halide_T2_4,halide,2,2.5,-0.1,RbMnI3,"{""A"": ""Rb"", ""B"": ""Mn"", ""X"": ""I""}",cifs/halide_T2_4.cif,True
halide_T2_5,halide,2,2.5,-0.1,NaNiBr3,"{""A"": ""Na"", ""B"": ""Ni"", ""X"": ""Br""}",cifs/halide_T2_5.cif,True
halide_T2_6,halide,2,2.5,-0.1,CsZnI3,"{""A"": ""Cs"", ""B"": ""Zn"", ""X"": ""I""}",cifs/halide_T2_6.cif,True
halide_T3_1,halide,3,3.5,-0.1,NaCuI3,"{""A"": ""Na"", ""B"": ""Cu"", ""X"": ""I""}",cifs/halide_T3_1.cif,True
halide_T3_2,halide,3,3.5,-0.1,CsPbI3,"{""A"": ""Cs"", ""B"": ""Pb"", ""X"": ""I""}",cifs/halide_T3_2.cif,True
halide_T3_3,halide,3,3.5,-0.1,NaSnI3,"{""A"": ""Na"", ""B"": ""Sn"", ""X"": ""I""}",cifs/halide_T3_3.cif,True
halide_T3_4,halide,3,3.5,-0.1,RbZnI3,"{""A"": ""Rb"", ""B"": ""Zn"", ""X"": ""I""}",cifs/halide_T3_4.cif,True
halide_T3_5,halide,3,3.5,-0.1,RbPbI3,"{""A"": ""Rb"", ""B"": ""Pb"", ""X"": ""I""}",cifs/halide_T3_5.cif,True
halide_T3_6,halide,3,3.5,-0.1,RbCuI3,"{""A"": ""Rb"", ""B"": ""Cu"", ""X"": ""I""}",cifs/halide_T3_6.cif,True
